,cases,deaths,bed_occupancy,hospital_ward,co,so2,pm25,pm10,o3,no2,pressure,temperature,humidity,dew,retail and recreation,grocery and pharmacy,parks,transit stations,workplaces,residential,holiday+7d,month,weekday_cat,weekday
2020-05-19,1452,173,79.09,3498.0,3.7,1.1,59.0,23.0,14.7,10.1,1025.0,18.0,84.0,14.0,-61.0,-13.0,-51.0,-56.0,-46.0,22.0,0,5,1,Tuesday
2020-05-20,1826,106,79.31,3647.0,3.7,1.1,59.0,25.0,13.0,12.4,1024.0,18.0,84.6,14.0,-67.0,-16.0,-51.0,-63.0,-57.0,26.0,0,5,2,Wednesday
2020-05-21,1985,103,79.44,3673.0,4.6,1.1,59.0,28.0,9.8,14.2,1021.0,19.5,71.1,13.0,-67.0,-12.0,-51.0,-63.0,-59.0,26.0,0,5,3,Thursday
2020-05-22,1522,114,80.27,3709.0,4.6,1.1,63.0,35.0,9.8,14.7,1017.0,22.2,62.5,13.0,-64.0,-9.0,-44.0,-55.0,-49.0,24.0,0,5,4,Friday
2020-05-23,1914,139,80.86,3795.0,2.8,0.6,34.0,14.0,10.6,6.0,1016.0,20.0,81.7,15.3,-66.0,-11.0,-62.0,-52.0,-30.0,18.0,0,5,5,Saturday
2020-05-24,640,43,80.56,3849.0,1.9,0.6,21.0,9.0,13.5,4.6,1019.0,13.3,76.0,8.0,-70.0,-20.0,-61.0,-56.0,-23.0,16.0,0,5,6,Sunday
2020-05-25,677,21,80.24,3776.0,1.9,0.6,25.0,12.0,16.7,6.0,1016.0,14.1,60.4,6.0,-69.0,-21.0,-59.0,-66.0,-62.0,27.0,0,5,0,Monday
2020-05-26,1350,136,80.27,3839.0,3.7,1.1,38.0,20.0,15.1,12.4,1016.0,13.8,62.0,5.0,-62.0,-13.0,-52.0,-55.0,-44.0,21.0,0,5,1,Tuesday
2020-05-27,1710,135,80.11,3969.0,2.8,1.1,53.0,24.0,12.2,15.6,1019.5,13.0,66.7,6.0,-62.0,-11.0,-47.0,-54.0,-45.0,22.0,0,5,2,Wednesday
2020-05-28,3455,132,80.27,4287.0,3.7,1.6,50.0,21.0,11.4,14.2,1022.0,13.0,82.7,8.0,-61.0,-7.0,-46.0,-54.0,-45.0,22.0,0,5,3,Thursday
2020-05-29,3022,158,79.66,4323.0,5.5,1.6,74.0,40.0,7.0,23.4,1021.4,15.0,85.5,10.0,-60.0,-3.0,-39.0,-51.0,-41.0,21.0,0,5,4,Friday
2020-05-30,2878,123,79.3,4517.0,12.7,1.6,109.0,57.0,8.6,25.2,1020.0,16.0,71.0,8.0,-59.0,2.0,-48.0,-44.0,-21.0,14.0,0,5,5,Saturday
2020-05-31,1512,41,79.08,4463.0,9.1,1.1,97.0,50.0,12.2,20.6,1019.0,17.2,58.0,7.0,-65.0,-10.0,-45.0,-49.0,-12.0,12.0,0,5,6,Sunday
2020-06-01,995,24,78.7,4410.0,6.4,1.6,85.0,46.0,17.5,22.4,1019.0,17.5,59.1,9.0,-60.0,-10.0,-48.0,-52.0,-42.0,19.0,0,6,0,Monday
2020-06-02,3317,139,78.72,4316.0,5.5,1.1,76.0,32.0,7.4,17.9,1019.0,16.2,89.7,14.0,-63.0,-15.0,-59.0,-55.0,-44.0,22.0,0,6,1,Tuesday
2020-06-03,2334,121,78.23,4264.0,5.5,1.1,68.0,27.0,8.6,14.7,1021.0,17.0,89.0,15.0,-61.0,-8.0,-49.0,-52.0,-43.0,22.0,0,6,2,Wednesday
2020-06-04,2570,111,77.53,4284.0,3.7,1.1,42.0,16.0,11.0,11.5,1024.0,18.0,89.0,16.0,-60.0,-5.0,-46.0,-52.0,-43.0,22.0,0,6,3,Thursday
2020-06-05,2106,130,77.02,4217.0,6.4,1.1,65.0,26.0,7.8,16.0,1023.0,18.6,89.0,17.0,-57.0,3.0,-40.0,-47.0,-39.0,21.0,0,6,4,Friday
2020-06-06,2408,96,76.6,4207.0,5.5,1.1,65.0,30.0,9.0,14.2,1020.0,19.3,82.0,16.0,-56.0,8.0,-50.0,-40.0,-19.0,14.0,0,6,5,Saturday
2020-06-07,935,19,76.23,4258.0,3.7,0.6,34.0,14.0,10.2,8.3,1020.2,19.5,82.0,15.0,-63.0,-5.0,-45.0,-46.0,-11.0,13.0,0,6,6,Sunday
2020-06-08,903,17,75.95,4071.0,5.5,1.1,53.0,21.0,7.4,14.7,1021.0,20.0,83.2,16.0,-57.0,-6.0,-46.0,-49.0,-40.0,20.0,0,6,0,Monday
2020-06-09,2327,136,75.13,4192.0,7.3,1.1,63.0,32.0,7.0,18.3,1018.0,20.3,82.0,17.0,-58.0,-8.0,-50.0,-51.0,-41.0,21.0,0,6,1,Tuesday
2020-06-10,2431,159,75.16,4219.0,6.4,1.1,55.0,28.0,6.5,19.2,1017.0,21.7,73.7,16.0,-55.0,-4.0,-40.0,-48.0,-40.0,20.0,0,6,2,Wednesday
2020-06-11,2619,125,74.93,4303.0,5.5,1.1,57.0,32.0,12.2,16.5,1018.0,22.4,64.0,14.0,-50.0,1.0,-37.0,-50.0,-45.0,21.0,1,6,3,Thursday
2020-06-12,2546,123,74.8,4211.0,10.0,1.6,80.0,44.0,5.7,27.9,1018.0,21.7,66.8,14.0,-49.0,7.0,-30.0,-45.0,-38.0,20.0,1,6,4,Friday
2020-06-13,2403,119,74.36,4257.0,9.1,1.1,82.0,44.0,9.8,19.2,1020.0,20.9,69.0,13.0,-52.0,-1.0,-40.0,-39.0,-15.0,13.0,1,6,5,Saturday
2020-06-14,3173,24,74.03,4341.0,1.9,0.6,17.0,8.0,16.3,3.7,1025.3,16.0,92.2,14.0,-64.0,-17.0,-62.0,-51.0,-13.0,14.0,1,6,6,Sunday
2020-06-15,2250,29,73.82,4091.0,2.8,0.6,21.0,10.0,12.6,8.7,1028.0,16.6,87.0,14.0,-53.0,-11.0,-47.0,-48.0,-38.0,19.0,1,6,0,Monday
2020-06-16,4228,167,73.5,4078.0,3.7,1.1,38.0,17.0,11.4,10.6,1027.0,17.2,83.5,14.0,-53.0,-10.0,-45.0,-49.0,-39.0,20.0,1,6,1,Tuesday
2020-06-17,456,140,72.55,4284.0,2.8,1.1,42.0,20.0,11.8,11.9,1024.1,18.0,74.2,13.0,-53.0,-8.0,-39.0,-47.0,-39.0,20.0,0,6,2,Wednesday
2020-06-18,398,138,71.65,4235.0,4.6,1.1,50.0,23.0,7.8,15.1,1022.0,18.1,67.0,11.0,-52.0,-4.0,-36.0,-47.0,-39.0,20.0,0,6,3,Thursday
2020-06-19,6877,158,71.35,4063.0,6.4,1.6,59.0,34.0,7.8,21.1,1022.0,19.3,64.2,11.5,-52.0,-2.0,-30.0,-44.0,-35.0,19.0,0,6,4,Friday
2020-06-20,184,116,70.78,4112.0,6.4,1.1,61.0,34.0,9.8,20.2,1022.0,20.0,63.2,12.0,-49.0,4.0,-37.0,-36.0,-12.0,12.0,0,6,5,Saturday
2020-06-21,949,16,70.5,3829.0,10.0,1.1,70.0,37.0,7.4,15.1,1021.0,20.5,64.7,13.0,-58.0,-8.0,-37.0,-44.0,-4.0,12.0,0,6,6,Sunday
2020-06-22,1191,17,70.25,3977.0,8.2,1.6,76.0,44.0,11.8,21.5,1022.0,19.6,63.5,11.0,-52.0,-11.0,-42.0,-47.0,-38.0,19.0,0,6,0,Monday
2020-06-23,2483,179,69.57,3749.0,7.3,1.6,70.0,38.0,6.1,24.7,1019.0,19.0,61.5,10.0,-52.0,-9.0,-41.0,-47.0,-39.0,19.0,0,6,1,Tuesday
2020-06-24,3047,92,69.42,3885.0,5.5,1.1,59.0,35.0,8.6,23.8,1018.0,19.2,53.7,9.0,-52.0,-8.0,-37.0,-46.0,-37.0,20.0,0,6,2,Wednesday
2020-06-25,4050,119,69.54,4013.0,5.5,1.1,65.0,45.0,11.0,22.0,1016.0,22.5,60.2,12.0,-52.0,-2.0,-34.0,-45.0,-38.0,19.0,0,6,3,Thursday
2020-06-26,3852,86,69.26,3753.0,3.7,0.6,25.0,12.0,9.4,13.3,1019.5,17.0,89.0,15.0,-55.0,-4.0,-42.0,-46.0,-36.0,20.0,0,6,4,Friday
2020-06-27,1596,102,69.27,3753.0,2.8,0.6,17.0,6.0,11.4,11.5,1018.0,14.4,94.4,12.0,-59.0,-9.0,-64.0,-49.0,-21.0,17.0,0,6,5,Saturday
2020-06-28,1346,21,68.62,3616.0,1.9,0.6,17.0,6.0,14.3,5.5,1022.5,13.8,92.0,12.0,-61.0,-10.0,-57.0,-49.0,-10.0,14.0,0,6,6,Sunday
2020-06-29,907,23,67.96,3535.0,3.7,1.1,38.0,15.0,9.8,16.5,1022.4,15.0,87.5,12.0,-50.0,-7.0,-44.0,-46.0,-36.0,19.0,0,6,0,Monday
2020-06-30,2107,136,67.92,3410.0,3.7,1.1,38.0,27.0,12.6,13.3,1014.8,21.1,59.2,12.0,-48.0,2.0,-42.0,-45.0,-36.0,18.0,0,6,1,Tuesday
2020-07-01,2209,96,67.38,3525.0,2.8,0.6,34.0,20.0,13.0,11.5,1012.0,18.1,63.7,9.0,-49.0,2.0,-40.0,-45.0,-37.0,19.0,0,7,2,Wednesday
2020-07-02,5656,112,67.04,3472.0,3.7,1.1,55.0,25.0,9.8,16.5,1017.0,12.7,81.9,8.0,-46.0,9.0,-36.0,-43.0,-36.0,18.0,0,7,3,Thursday
2020-07-03,2090,109,66.54,3484.0,3.7,1.1,57.0,24.0,13.5,13.8,1019.3,13.0,82.0,9.0,-47.0,8.0,-32.0,-41.0,-33.0,19.0,0,7,4,Friday
2020-07-04,688,118,66.1,3443.0,3.7,1.1,53.0,24.0,15.5,13.3,1020.0,15.0,78.3,10.0,-41.0,17.0,-36.0,-31.0,-10.0,11.0,0,7,5,Saturday
2020-07-05,2109,24,66.19,3443.0,5.5,0.6,68.0,33.0,11.0,14.7,1020.0,18.8,76.2,13.0,-53.0,2.0,-35.0,-41.0,-3.0,11.0,0,7,6,Sunday
2020-07-06,360,13,66.39,3378.0,4.6,1.1,68.0,33.0,15.5,17.9,1019.0,18.8,75.9,13.0,-43.0,1.0,-40.0,-42.0,-35.0,17.0,0,7,0,Monday
2020-07-07,2271,109,66.48,3430.0,4.6,1.1,63.0,31.0,15.1,16.5,1017.0,19.8,71.7,12.0,-41.0,7.0,-36.0,-41.0,-36.0,17.0,0,7,1,Tuesday
2020-07-08,2071,121,66.58,3513.0,3.7,1.1,55.0,37.0,19.5,13.8,1015.0,21.9,48.9,9.0,-42.0,6.0,-30.0,-40.0,-34.0,16.0,0,7,2,Wednesday
2020-07-09,2166,100,66.5,3579.0,3.7,1.1,55.0,26.0,12.6,14.2,1020.0,18.8,75.2,12.0,-41.0,8.0,-33.0,-41.0,-37.0,17.0,0,7,3,Thursday
2020-07-10,2692,125,66.84,3563.0,5.5,2.1,65.0,33.0,8.2,20.2,1022.0,17.2,77.2,11.0,-42.0,10.0,-24.0,-37.0,-32.0,16.0,0,7,4,Friday
2020-07-11,1934,87,67.19,3607.0,5.5,1.1,68.0,34.0,9.0,14.2,1019.0,18.6,76.2,13.0,-38.0,12.0,-33.0,-28.0,-8.0,10.0,0,7,5,Saturday
2020-07-12,1441,36,67.16,3582.0,5.5,1.1,70.0,35.0,13.0,17.0,1017.0,21.0,62.0,12.0,-49.0,0.0,-27.0,-37.0,-2.0,9.0,0,7,6,Sunday
2020-07-13,1207,19,67.2,3499.0,7.3,1.1,70.0,41.0,11.0,25.6,1018.0,22.0,60.0,13.0,-43.0,-3.0,-29.0,-41.0,-34.0,16.0,0,7,0,Monday
2020-07-14,4789,105,67.26,3485.0,3.7,0.6,30.0,12.0,11.4,11.5,1020.6,16.6,87.0,14.0,-45.0,-4.0,-42.0,-43.0,-36.0,18.0,0,7,1,Tuesday
2020-07-15,1524,115,67.6,3562.0,2.8,1.1,34.0,13.0,13.0,10.1,1024.0,13.8,88.0,12.0,-44.0,-1.0,-41.0,-43.0,-34.0,18.0,0,7,2,Wednesday
2020-07-16,1916,134,67.65,3449.0,4.6,1.1,46.0,20.0,11.8,13.8,1024.0,15.5,85.8,13.0,-41.0,6.0,-33.0,-41.0,-34.0,17.0,0,7,3,Thursday
2020-07-17,1382,111,67.24,3477.0,6.4,1.1,76.0,39.0,7.0,22.0,1023.0,16.6,88.5,14.0,-42.0,5.0,-23.0,-38.0,-31.0,17.0,0,7,4,Friday
2020-07-18,1470,74,66.98,3446.0,6.4,1.1,78.0,39.0,8.2,19.2,1023.0,18.0,82.5,14.0,-37.0,10.0,-32.0,-29.0,-7.0,11.0,0,7,5,Saturday
2020-07-19,979,8,67.11,3321.0,4.6,1.1,68.0,30.0,12.2,11.0,1023.0,18.0,73.7,13.0,-47.0,0.0,-24.0,-37.0,-2.0,10.0,0,7,6,Sunday
2020-07-20,275,21,66.9,3310.0,8.2,1.1,68.0,39.0,4.5,21.5,1022.5,18.0,64.2,10.0,-41.0,2.0,-27.0,-40.0,-31.0,16.0,0,7,0,Monday
2020-07-21,1453,121,66.45,3546.0,8.2,1.6,72.0,43.0,6.5,24.3,1020.0,19.0,62.8,11.0,-41.0,2.0,-27.0,-40.0,-32.0,17.0,0,7,1,Tuesday
2020-07-22,3318,105,66.17,3399.0,8.2,1.6,85.0,50.0,14.3,27.5,1020.0,19.4,62.3,11.0,-42.0,2.0,-22.0,-39.0,-32.0,17.0,0,7,2,Wednesday
2020-07-23,2591,73,66.14,3438.0,6.4,1.6,85.0,46.0,17.1,27.5,1021.0,19.0,65.0,11.0,-40.0,7.0,-19.0,-38.0,-32.0,17.0,0,7,3,Thursday
2020-07-24,2480,58,66.25,3456.0,6.4,1.6,76.0,42.0,9.8,27.5,1021.0,19.6,63.0,11.0,-41.0,7.0,-10.0,-35.0,-29.0,16.0,0,7,4,Friday
2020-07-25,2925,49,66.18,3328.0,5.5,1.1,63.0,38.0,18.7,17.9,1022.0,19.2,52.9,9.0,-37.0,11.0,-23.0,-26.0,-7.0,10.0,0,7,5,Saturday
2020-07-26,662,17,65.61,3198.0,2.8,0.6,38.0,15.0,17.9,5.5,1025.0,16.3,84.7,14.0,-49.0,-2.0,-35.0,-38.0,-4.0,10.0,0,7,6,Sunday
2020-07-27,2250,19,65.31,3190.0,5.5,1.1,57.0,28.0,9.8,17.9,1021.0,19.0,72.0,13.0,-41.0,0.0,-24.0,-39.0,-32.0,16.0,0,7,0,Monday
2020-07-28,3681,77,65.34,3116.0,7.3,1.1,68.0,44.0,9.4,21.5,1019.0,20.6,62.1,12.0,-41.0,1.0,-24.0,-40.0,-33.0,16.0,0,7,1,Tuesday
2020-07-29,3119,78,64.95,3203.0,2.8,0.6,21.0,10.0,17.1,8.3,1023.0,15.0,87.0,13.0,-44.0,-2.0,-39.0,-41.0,-33.0,18.0,0,7,2,Wednesday
2020-07-30,4857,74,64.11,3129.0,2.8,0.6,17.0,8.0,14.7,9.6,1026.4,14.0,90.9,12.0,-42.0,5.0,-39.0,-41.0,-34.0,17.0,0,7,3,Thursday
2020-07-31,3876,79,63.22,3189.0,2.8,0.6,25.0,11.0,14.3,9.2,1027.0,15.0,86.5,12.0,-39.0,12.0,-20.0,-36.0,-29.0,16.0,0,7,4,Friday
2020-08-01,2114,70,62.58,3106.0,2.8,1.1,53.0,20.0,15.1,9.6,1026.0,15.6,84.0,12.0,-32.0,19.0,-31.0,-26.0,-7.0,10.0,0,8,5,Saturday
2020-08-02,770,15,62.02,2994.0,2.8,1.1,55.0,20.0,19.1,7.8,1027.0,16.0,83.0,12.0,-43.0,6.0,-23.0,-35.0,-2.0,9.0,0,8,6,Sunday
2020-08-03,261,10,61.46,3045.0,3.7,1.6,63.0,29.0,13.0,16.5,1028.0,15.2,82.4,12.0,-38.0,4.0,-26.0,-38.0,-31.0,16.0,0,8,0,Monday
2020-08-04,2574,58,60.67,3017.0,3.7,1.6,68.0,30.0,14.3,18.3,1029.0,14.8,85.5,11.0,-37.0,5.0,-26.0,-38.0,-32.0,16.0,0,8,1,Tuesday
2020-08-05,2823,104,60.16,2973.0,3.7,1.6,63.0,29.0,15.5,16.0,1028.0,14.8,87.0,11.0,-37.0,9.0,-21.0,-37.0,-31.0,16.0,0,8,2,Wednesday
2020-08-06,3457,103,60.07,3032.0,4.6,1.6,72.0,34.0,10.6,21.1,1027.0,15.0,82.0,11.0,-32.0,18.0,-14.0,-34.0,-31.0,15.0,0,8,3,Thursday
2020-08-07,1910,103,59.93,3038.0,5.5,1.1,72.0,35.0,13.0,21.1,1027.0,15.0,82.0,10.0,-31.0,20.0,-5.0,-30.0,-27.0,14.0,0,8,4,Friday
2020-08-08,2038,73,59.63,2996.0,6.4,1.6,87.0,41.0,12.6,20.2,1026.0,16.4,82.0,11.0,-26.0,26.0,-22.0,-19.0,-4.0,8.0,0,8,5,Saturday
2020-08-09,587,14,59.33,2813.0,3.7,1.1,91.0,40.0,14.7,11.5,1023.0,17.2,84.6,12.0,-42.0,13.0,-28.0,-30.0,7.0,6.0,0,8,6,Sunday
2020-08-10,235,8,58.86,2798.0,7.3,1.1,76.0,43.0,13.5,20.2,1019.0,21.0,49.0,9.0,-36.0,5.0,-23.0,-36.0,-31.0,15.0,0,8,0,Monday
2020-08-11,2915,114,58.81,2750.0,7.3,1.6,85.0,50.0,8.2,26.1,1018.0,20.0,52.0,8.0,-36.0,5.0,-22.0,-36.0,-31.0,15.0,0,8,1,Tuesday
2020-08-12,6896,90,58.54,2827.0,3.7,1.1,82.0,42.0,15.1,17.0,1017.7,17.5,85.7,13.0,-37.0,6.0,-18.0,-36.0,-30.0,15.0,0,8,2,Wednesday
2020-08-13,7063,142,58.03,2767.0,6.4,1.6,85.0,50.0,11.0,22.4,1016.0,20.0,77.0,13.0,-36.0,9.0,-18.0,-35.0,-30.0,15.0,0,8,3,Thursday
2020-08-14,2784,110,57.6,2790.0,6.4,1.6,87.0,50.0,11.8,22.4,1015.0,22.3,65.3,15.0,-36.0,10.0,-6.0,-31.0,-27.0,15.0,0,8,4,Friday
2020-08-15,1532,29,57.25,2795.0,3.7,1.1,63.0,32.0,17.1,12.4,1014.0,18.7,82.0,14.0,-33.0,11.0,-37.0,-25.0,-7.0,9.0,0,8,5,Saturday
2020-08-16,347,13,57.09,2795.0,4.6,0.6,46.0,16.0,17.1,10.1,1017.5,17.7,87.0,15.0,-48.0,-6.0,-52.0,-42.0,-9.0,10.0,0,8,6,Sunday
2020-08-17,297,20,56.95,2718.0,5.5,0.6,38.0,15.0,9.8,17.9,1018.0,17.3,85.5,14.0,-41.0,-3.0,-43.0,-39.0,-31.0,16.0,0,8,0,Monday
2020-08-18,1771,75,56.55,2688.0,6.4,1.1,42.0,17.0,7.0,21.5,1016.0,17.0,90.7,15.0,-43.0,-4.0,-47.0,-40.0,-31.0,16.0,0,8,1,Tuesday
2020-08-19,2181,61,56.26,2684.0,3.7,1.1,53.0,19.0,13.5,12.4,1016.0,16.6,92.7,15.5,-39.0,1.0,-32.0,-37.0,-29.0,16.0,0,8,2,Wednesday
2020-08-20,1649,102,56.22,2568.0,2.8,0.6,25.0,11.0,14.7,10.1,1022.0,15.0,89.0,12.5,-39.0,5.0,-41.0,-38.0,-31.0,16.0,0,8,3,Thursday
2020-08-21,825,73,56.15,2612.0,2.8,0.6,13.0,5.0,15.5,8.3,1025.0,10.0,93.7,8.0,-46.0,-2.0,-44.0,-41.0,-30.0,18.0,0,8,4,Friday
2020-08-22,3903,67,55.85,2481.0,1.9,0.6,17.0,7.0,16.7,6.4,1026.0,10.5,92.0,9.0,-33.0,12.0,-52.0,-30.0,-9.0,12.0,0,8,5,Saturday
2020-08-23,911,20,55.34,2382.0,1.9,1.1,25.0,11.0,16.3,6.9,1025.3,12.9,84.0,9.0,-41.0,1.0,-38.0,-37.0,-4.0,11.0,0,8,6,Sunday
2020-08-24,327,8,55.08,2269.0,2.8,1.1,25.0,12.0,15.1,9.2,1024.0,13.3,81.0,8.0,-35.0,3.0,-28.0,-35.0,-28.0,15.0,0,8,0,Monday
2020-08-25,2441,110,54.8,2268.0,2.8,1.1,30.0,16.0,13.0,11.5,1023.0,13.0,82.0,9.0,-35.0,4.0,-31.0,-36.0,-29.0,15.0,0,8,1,Tuesday
2020-08-26,1892,74,54.14,2441.0,2.8,1.6,38.0,19.0,13.5,14.2,1022.0,13.8,81.5,8.0,-35.0,5.0,-19.0,-34.0,-27.0,15.0,0,8,2,Wednesday
2020-08-27,2083,63,53.79,2427.0,4.6,1.6,57.0,26.0,8.6,18.8,1021.0,17.0,82.0,12.0,-34.0,9.0,-10.0,-34.0,-27.0,14.0,0,8,3,Thursday
2020-08-28,2365,66,53.42,2400.0,6.4,1.1,70.0,36.0,11.8,22.4,1019.0,19.1,71.0,13.0,-34.0,11.0,1.0,-30.0,-24.0,13.0,0,8,4,Friday
2020-08-29,1017,54,52.96,2439.0,8.2,1.1,72.0,38.0,14.3,24.3,1017.0,21.9,60.5,13.0,-27.0,15.0,-18.0,-20.0,-2.0,6.0,0,8,5,Saturday
2020-08-30,250,2,53.02,2430.0,5.5,1.1,70.0,39.0,26.4,15.6,1017.8,20.5,66.0,12.0,-37.0,4.0,-13.0,-30.0,0.0,6.0,0,8,6,Sunday
2020-08-31,171,8,53.23,2400.0,2.8,0.6,50.0,18.0,26.4,7.8,1023.0,18.6,84.5,15.0,-36.0,3.0,-26.0,-35.0,-28.0,13.0,0,8,0,Monday
2020-09-01,3042,70,53.54,2515.0,2.8,0.6,42.0,18.0,21.6,8.7,1026.0,18.6,84.0,15.0,-35.0,7.0,-27.0,-35.0,-28.0,14.0,0,9,1,Tuesday
2020-09-02,1579,76,54.32,2545.0,2.8,1.1,46.0,22.0,17.9,11.9,1021.8,18.3,83.2,15.0,-33.0,9.0,-17.0,-33.0,-27.0,13.0,0,9,2,Wednesday
2020-09-03,2496,57,54.65,2577.0,4.6,1.1,61.0,30.0,12.2,18.8,1018.0,22.3,56.0,10.0,-30.0,16.0,-8.0,-31.0,-27.0,13.0,0,9,3,Thursday
2020-09-04,1166,55,55.08,2615.0,6.4,1.6,78.0,53.0,14.3,23.8,1019.0,19.0,72.6,12.0,-30.0,17.0,-3.0,-27.0,-24.0,12.0,0,9,4,Friday
2020-09-05,1245,51,55.23,2552.0,3.7,1.1,68.0,30.0,22.8,11.0,1021.0,18.3,84.0,14.0,-23.0,23.0,-23.0,-16.0,-4.0,5.0,0,9,5,Saturday
2020-09-06,290,14,55.47,2483.0,4.6,1.1,76.0,35.0,24.4,13.3,1018.0,20.5,79.7,14.0,-34.0,9.0,-14.0,-27.0,-2.0,5.0,0,9,6,Sunday
2020-09-07,159,4,55.43,2397.0,3.7,1.1,78.0,34.0,32.5,7.4,1017.2,19.0,82.0,16.0,-49.0,-13.0,-22.0,-61.0,-69.0,18.0,1,9,0,Monday
2020-09-08,421,5,55.11,2424.0,3.7,1.1,74.0,32.0,23.6,13.8,1017.3,18.8,86.0,16.0,-34.0,8.0,-27.0,-32.0,-28.0,11.0,1,9,1,Tuesday
2020-09-09,1653,116,54.74,2472.0,4.6,1.1,80.0,36.0,22.8,14.7,1020.0,19.3,85.0,17.0,-33.0,10.0,-16.0,-31.0,-27.0,13.0,1,9,2,Wednesday
2020-09-10,1505,77,54.39,2469.0,4.6,1.1,87.0,50.0,19.1,18.3,1018.0,22.9,66.6,13.0,-29.0,17.0,-7.0,-29.0,-26.0,12.0,1,9,3,Thursday
2020-09-11,1352,70,53.83,2392.0,5.5,1.6,99.0,55.0,23.6,21.1,1018.0,24.3,61.2,16.0,-31.0,14.0,1.0,-26.0,-23.0,13.0,1,9,4,Friday
2020-09-12,1316,45,53.69,2450.0,7.3,1.6,119.0,60.0,29.7,21.5,1018.0,26.3,51.5,13.0,-25.0,16.0,-21.0,-17.0,-2.0,7.0,1,9,5,Saturday
2020-09-13,294,9,53.01,2325.0,5.5,1.1,102.0,51.0,28.1,15.1,1020.0,25.8,40.1,10.0,-34.0,6.0,-18.0,-27.0,-1.0,6.0,0,9,6,Sunday
2020-09-14,273,11,52.32,2264.0,4.6,1.1,104.0,56.0,29.7,17.9,1021.0,22.8,44.5,9.0,-34.0,2.0,-22.0,-32.0,-25.0,13.0,0,9,0,Monday
2020-09-15,1501,60,51.84,2310.0,2.8,0.6,21.0,10.0,17.9,8.7,1024.0,16.5,87.0,14.0,-34.0,6.0,-30.0,-33.0,-25.0,14.0,0,9,1,Tuesday
2020-09-16,1442,85,51.12,2314.0,3.7,1.1,63.0,27.0,17.9,13.8,1018.7,19.4,82.0,15.0,-34.0,4.0,-14.0,-31.0,-25.0,14.0,0,9,2,Wednesday
2020-09-17,1510,53,50.54,2280.0,5.5,1.1,85.0,43.0,24.0,18.8,1016.0,19.4,82.0,16.0,-32.0,10.0,-13.0,-31.0,-25.0,13.0,0,9,3,Thursday
2020-09-18,1581,42,50.19,2260.0,7.3,1.6,89.0,54.0,14.7,33.0,1015.0,21.1,73.0,14.0,-32.0,11.0,-8.0,-28.0,-22.0,13.0,0,9,4,Friday
2020-09-19,1443,68,49.79,2224.0,10.0,1.6,144.0,67.0,32.9,28.8,1015.0,23.0,63.0,15.0,-24.0,16.0,-22.0,-16.0,-1.0,7.0,0,9,5,Saturday
2020-09-20,281,4,49.44,2174.0,3.7,0.6,21.0,9.0,22.8,3.7,1019.0,17.0,88.2,15.0,-39.0,1.0,-42.0,-32.0,-3.0,8.0,0,9,6,Sunday
2020-09-21,228,4,49.09,2174.0,2.8,0.6,13.0,6.0,14.7,6.9,1021.0,15.0,91.7,13.0,-37.0,-1.0,-42.0,-34.0,-27.0,15.0,0,9,0,Monday
2020-09-22,1526,44,48.74,2106.0,2.8,0.6,17.0,8.0,13.9,9.2,1023.5,14.0,92.6,12.7,-40.0,-1.0,-49.0,-36.0,-28.0,16.0,0,9,1,Tuesday
2020-09-23,1223,50,48.65,2027.0,2.8,0.6,34.0,16.0,13.0,11.5,1025.0,17.0,87.5,14.0,-38.0,5.0,-32.0,-32.0,-25.0,15.0,0,9,2,Wednesday
2020-09-24,1387,26,48.23,1964.0,3.7,1.1,55.0,22.0,15.9,12.4,1023.0,17.7,82.0,14.0,-35.0,10.0,-23.0,-30.0,-24.0,14.0,0,9,3,Thursday
2020-09-25,1219,43,47.69,1932.0,5.5,1.6,74.0,34.0,13.9,20.2,1019.0,20.0,68.0,13.0,-34.0,14.0,-11.0,-26.0,-20.0,13.0,0,9,4,Friday
2020-09-26,1104,46,47.37,1881.0,8.2,1.6,87.0,45.0,32.9,26.6,1015.0,24.4,55.7,13.0,-29.0,15.0,-30.0,-16.0,1.0,6.0,0,9,5,Saturday
2020-09-27,123,9,47.12,1830.0,5.5,1.1,76.0,44.0,27.3,18.3,1013.0,26.9,48.0,12.0,-38.0,4.0,-25.0,-24.0,1.0,6.0,0,9,6,Sunday
2020-09-28,158,3,46.85,1836.0,5.5,1.1,74.0,38.0,19.5,21.1,1015.2,22.3,68.2,15.6,-41.0,-1.0,-36.0,-33.0,-25.0,14.0,0,9,0,Monday
2020-09-29,1373,61,46.46,1772.0,4.6,0.6,59.0,21.0,19.1,11.5,1019.0,20.0,87.0,17.0,-38.0,5.0,-32.0,-31.0,-24.0,13.0,0,9,1,Tuesday
2020-09-30,1228,64,45.93,1904.0,4.6,1.1,74.0,36.0,22.8,14.2,1016.8,22.6,79.5,17.0,-35.0,12.0,-20.0,-28.0,-24.0,13.0,0,9,2,Wednesday
2020-10-01,1143,67,45.76,1881.0,5.5,1.6,87.0,44.0,20.4,18.8,1014.0,27.6,54.0,13.5,-32.0,21.0,-15.0,-27.0,-22.0,12.0,0,10,3,Thursday
2020-10-02,925,43,45.78,1910.0,8.2,1.1,107.0,55.0,35.4,34.8,1014.0,29.7,40.4,14.0,-32.0,17.0,-6.0,-20.0,-19.0,11.0,0,10,4,Friday
2020-10-03,1099,51,45.63,1854.0,4.6,0.6,70.0,27.0,22.8,6.9,1017.1,22.0,82.0,18.0,-25.0,21.0,-35.0,-9.0,1.0,6.0,0,10,5,Saturday
2020-10-04,67,8,45.39,1804.0,2.8,0.6,25.0,8.0,20.8,4.6,1020.0,19.3,88.0,17.0,-35.0,9.0,-37.0,-20.0,0.0,7.0,0,10,6,Sunday
2020-10-05,124,17,44.94,1759.0,4.6,0.6,55.0,22.0,15.9,15.6,1016.0,21.9,84.2,17.0,-34.0,7.0,-23.0,-25.0,-23.0,12.0,0,10,0,Monday
2020-10-06,1168,46,45.01,1769.0,7.3,1.1,93.0,50.0,13.9,21.1,1015.0,22.7,82.0,18.0,-32.0,12.0,-25.0,-24.0,-23.0,11.0,0,10,1,Tuesday
2020-10-07,990,43,45.28,1783.0,5.5,1.1,78.0,44.0,11.4,20.6,1015.0,26.8,66.5,17.0,-31.0,16.0,-18.0,-23.0,-22.0,11.0,0,10,2,Wednesday
2020-10-08,822,51,45.12,1837.0,5.5,0.6,59.0,20.0,19.9,11.5,1017.0,20.5,84.7,18.0,-30.0,19.0,-25.0,-24.0,-22.0,11.0,0,10,3,Thursday
2020-10-09,872,38,44.87,1819.0,6.4,0.6,61.0,21.0,12.2,22.4,1014.8,19.0,94.0,17.3,-38.0,7.0,-33.0,-25.0,-22.0,13.0,0,10,4,Friday
2020-10-10,1210,30,44.73,1755.0,3.7,0.6,38.0,14.0,19.5,8.3,1015.1,17.1,76.5,13.0,-20.0,25.0,-30.0,-5.0,2.0,4.0,0,10,5,Saturday
2020-10-11,418,4,44.49,1763.0,1.9,1.1,38.0,16.0,23.2,4.6,1019.0,17.0,74.0,10.0,-29.0,12.0,-23.0,-16.0,5.0,5.0,0,10,6,Sunday
2020-10-12,116,6,44.43,1732.0,3.7,1.1,55.0,22.0,22.4,6.9,1019.0,17.7,76.0,13.0,-43.0,-8.0,-12.0,-54.0,-68.0,17.0,1,10,0,Monday
2020-10-13,188,8,44.23,1676.0,6.4,1.6,72.0,36.0,16.3,19.7,1015.9,23.9,48.0,11.0,-34.0,7.0,-25.0,-24.0,-23.0,10.0,1,10,1,Tuesday
2020-10-14,1014,54,43.78,1668.0,4.6,1.1,82.0,41.0,19.9,16.0,1015.0,20.5,76.0,16.0,-34.0,9.0,-21.0,-23.0,-22.0,12.0,1,10,2,Wednesday
2020-10-15,1075,22,43.59,1673.0,3.7,0.6,53.0,18.0,20.8,11.5,1019.7,18.0,87.5,15.0,-33.0,14.0,-36.0,-24.0,-23.0,13.0,1,10,3,Thursday
2020-10-16,1066,47,43.19,1633.0,2.8,0.6,34.0,14.0,16.7,10.1,1023.0,15.6,87.0,13.0,-33.0,13.0,-30.0,-21.0,-19.0,13.0,1,10,4,Friday
2020-10-17,1015,18,43.23,1575.0,2.8,0.6,30.0,12.0,17.9,6.4,1021.0,16.0,82.8,13.0,-25.0,18.0,-39.0,-9.0,3.0,7.0,1,10,5,Saturday
2020-10-18,92,7,43.37,1559.0,2.8,1.1,38.0,15.0,20.8,5.5,1018.0,18.0,82.0,15.0,-33.0,8.0,-31.0,-16.0,3.0,7.0,0,10,6,Sunday
2020-10-19,69,4,43.37,1514.0,4.6,1.1,46.0,20.0,14.3,12.8,1018.9,19.0,82.0,16.0,-37.0,-4.0,-38.0,-26.0,-23.0,13.0,0,10,0,Monday
2020-10-20,888,43,42.84,1465.0,5.5,0.6,70.0,30.0,16.7,17.4,1019.9,20.0,82.0,16.0,-35.0,6.0,-35.0,-26.0,-23.0,13.0,0,10,1,Tuesday
2020-10-21,802,21,42.59,1453.0,4.6,1.1,68.0,28.0,19.1,12.4,1022.0,19.7,82.0,16.0,-31.0,12.0,-21.0,-22.0,-20.0,12.0,0,10,2,Wednesday
2020-10-22,847,18,42.44,1495.0,2.8,0.6,34.0,14.0,19.1,6.4,1022.8,19.0,77.0,15.0,-29.0,19.0,-14.0,-21.0,-20.0,11.0,0,10,3,Thursday
2020-10-23,1430,19,42.52,1443.0,2.8,1.1,42.0,19.0,16.7,9.6,1021.0,18.2,72.0,13.5,-29.0,18.0,0.0,-17.0,-17.0,11.0,0,10,4,Friday
2020-10-24,1186,32,42.13,1498.0,4.6,1.1,55.0,22.0,12.2,13.8,1017.0,20.0,73.6,15.0,-23.0,18.0,-31.0,-6.0,4.0,6.0,0,10,5,Saturday
2020-10-25,423,4,41.88,1488.0,3.7,0.6,46.0,16.0,22.0,7.4,1014.0,20.0,80.5,16.0,-36.0,4.0,-36.0,-20.0,2.0,7.0,0,10,6,Sunday
2020-10-26,185,1,41.83,1409.0,3.7,1.1,42.0,15.0,22.0,11.9,1014.0,19.3,78.6,15.0,-33.0,9.0,-22.0,-23.0,-20.0,11.0,0,10,0,Monday
2020-10-27,1331,19,42.08,1437.0,4.6,1.1,55.0,25.0,23.6,14.7,1009.6,22.2,68.0,15.0,-32.0,9.0,-20.0,-23.0,-21.0,12.0,0,10,1,Tuesday
2020-10-28,1088,46,42.37,1489.0,6.4,1.6,61.0,33.0,25.2,23.4,1010.4,24.1,46.0,11.0,-31.0,10.0,-11.0,-23.0,-19.0,11.0,0,10,2,Wednesday
2020-10-29,1289,36,42.69,1524.0,4.6,1.6,74.0,40.0,18.7,18.8,1014.6,21.1,64.0,14.0,-31.0,11.0,-21.0,-23.0,-19.0,11.0,0,10,3,Thursday
2020-10-30,1256,48,43.16,1516.0,2.8,0.6,21.0,8.0,16.7,10.6,1020.0,17.0,88.0,15.0,-37.0,8.0,-38.0,-27.0,-22.0,13.0,0,10,4,Friday
2020-10-31,705,16,43.7,1570.0,2.8,0.6,17.0,7.0,17.9,6.0,1021.0,15.5,87.0,13.0,-24.0,21.0,-42.0,-13.0,1.0,7.0,0,10,5,Saturday
2020-11-01,245,3,44.13,1550.0,2.8,0.6,21.0,10.0,16.7,4.6,1020.0,14.0,84.5,11.0,-32.0,10.0,-37.0,-24.0,1.0,8.0,0,11,6,Sunday
2020-11-02,131,5,44.67,1562.0,1.9,0.6,21.0,10.0,15.1,4.6,1019.0,14.0,76.0,9.0,-47.0,-11.0,-13.0,-58.0,-69.0,20.0,1,11,0,Monday
2020-11-03,187,1,45.07,1582.0,2.8,1.6,34.0,15.0,13.5,10.6,1018.0,15.0,74.5,10.0,-33.0,9.0,-31.0,-24.0,-20.0,11.0,1,11,1,Tuesday
2020-11-04,1000,54,45.5,1571.0,2.8,0.6,34.0,15.0,15.1,9.6,1019.0,15.7,79.0,12.0,-31.0,11.0,-20.0,-23.0,-19.0,12.0,1,11,2,Wednesday
2020-11-05,623,55,46.04,1548.0,3.7,0.6,34.0,10.0,15.1,11.0,1018.0,15.0,82.0,12.0,-29.0,19.0,-24.0,-23.0,-19.0,12.0,1,11,3,Thursday
2020-11-06,0,0,46.31,1468.0,2.8,0.6,34.0,13.0,16.7,9.2,1020.0,16.0,74.5,11.0,-25.0,23.0,-5.0,-17.0,-15.0,10.0,1,11,4,Friday
2020-11-07,0,0,46.69,1552.0,2.8,0.6,53.0,20.0,22.4,10.1,1022.0,16.6,72.0,12.0,-15.0,27.0,-7.0,-2.0,7.0,4.0,1,11,5,Saturday
2020-11-08,0,0,46.49,1538.0,4.6,1.1,63.0,24.0,17.1,11.0,1020.7,18.3,72.0,12.0,-23.0,16.0,18.0,-11.0,7.0,4.0,0,11,6,Sunday
2020-11-09,0,0,46.76,1555.0,3.7,1.6,63.0,28.0,18.7,12.4,1019.0,20.0,82.0,15.0,-29.0,11.0,-25.0,-23.0,-19.0,11.0,0,11,0,Monday
2020-11-10,5306,0,47.11,1593.0,3.7,0.6,42.0,14.0,17.5,12.4,1018.5,21.0,87.0,17.0,-28.0,13.0,-28.0,-23.0,-20.0,11.0,0,11,1,Tuesday
2020-11-11,946,52,47.36,1691.0,4.6,0.6,59.0,24.0,15.9,17.0,1017.0,20.0,82.0,17.0,-32.0,5.0,-28.0,-23.0,-19.0,12.0,0,11,2,Wednesday
2020-11-12,1777,73,47.54,1711.0,4.6,0.6,50.0,17.0,18.3,13.3,1016.0,20.1,82.0,17.0,-27.0,18.0,-22.0,-22.0,-19.0,11.0,0,11,3,Thursday
2020-11-13,1768,0,48.03,1786.0,4.6,0.6,59.0,23.0,11.8,15.1,1015.0,20.0,84.5,18.0,-27.0,15.0,-15.0,-18.0,-16.0,11.0,0,11,4,Friday
2020-11-14,1313,109,48.55,1760.0,4.6,0.6,55.0,21.0,17.9,12.8,1016.0,21.0,82.0,17.0,-16.0,22.0,-9.0,-3.0,7.0,5.0,0,11,5,Saturday
2020-11-15,300,3,49.81,1833.0,3.7,0.6,55.0,20.0,30.9,7.8,1015.9,25.2,65.0,17.0,-17.0,41.0,27.0,11.0,13.0,3.0,1,11,6,Sunday
2020-11-16,187,6,50.62,1899.0,4.6,1.1,53.0,20.0,27.7,14.7,1013.0,25.4,63.2,17.0,-30.0,8.0,-25.0,-24.0,-20.0,11.0,1,11,0,Monday
2020-11-17,2256,49,51.61,1932.0,3.7,0.6,25.0,10.0,16.3,9.2,1013.0,20.0,82.2,17.0,-34.0,4.0,-38.0,-27.0,-21.0,13.0,1,11,1,Tuesday
2020-11-18,1724,60,52.8,2087.0,3.7,0.6,25.0,10.0,11.8,12.4,1014.6,16.6,87.0,14.0,-34.0,1.0,-36.0,-25.0,-20.0,13.0,1,11,2,Wednesday
2020-11-19,1970,34,54.24,2085.0,2.8,0.6,25.0,8.0,11.0,11.5,1014.0,16.1,88.0,15.0,-30.0,14.0,-36.0,-24.0,-20.0,12.0,1,11,3,Thursday
2020-11-20,2286,39,55.56,2123.0,2.8,0.6,25.0,10.0,14.7,7.4,1018.0,15.8,82.0,12.0,-25.0,20.0,-11.0,-24.0,-25.0,13.0,1,11,4,Friday
2020-11-21,1548,29,56.66,2136.0,2.8,1.1,34.0,12.0,14.7,6.9,1018.9,18.0,73.3,12.0,-16.0,21.0,-7.0,-6.0,4.0,5.0,0,11,5,Saturday
2020-11-22,498,6,57.74,2119.0,2.8,1.1,34.0,12.0,15.5,5.5,1021.1,18.0,77.0,13.0,-25.0,11.0,6.0,-12.0,6.0,5.0,0,11,6,Sunday
2020-11-23,305,4,58.33,2172.0,1.9,1.1,30.0,13.0,15.1,6.9,1023.0,19.0,72.0,14.0,-29.0,8.0,-22.0,-23.0,-19.0,11.0,0,11,0,Monday
2020-11-24,1482,37,58.75,2160.0,2.8,1.1,38.0,15.0,15.1,7.8,1023.0,20.0,74.2,15.0,-28.0,9.0,-20.0,-23.0,-19.0,11.0,0,11,1,Tuesday
2020-11-25,2623,45,59.19,2189.0,3.7,1.6,53.0,24.0,16.7,13.3,1020.8,23.0,64.0,15.0,-27.0,10.0,-11.0,-22.0,-18.0,11.0,0,11,2,Wednesday
2020-11-26,1210,47,59.23,2239.0,4.6,1.1,53.0,24.0,15.9,18.3,1019.0,23.0,57.0,15.0,-26.0,16.0,-17.0,-22.0,-18.0,11.0,0,11,3,Thursday
2020-11-27,970,32,59.38,2211.0,5.5,1.1,61.0,27.0,21.2,19.2,1020.4,22.0,68.0,16.0,-20.0,31.0,-4.0,-16.0,-14.0,9.0,0,11,4,Friday
2020-11-28,1408,44,59.64,2260.0,2.8,1.1,57.0,24.0,23.6,9.2,1021.6,21.5,73.0,16.0,-14.0,23.0,-6.0,-2.0,8.0,4.0,0,11,5,Saturday
2020-11-29,589,10,59.54,2360.0,3.7,1.1,57.0,22.0,21.2,9.2,1019.0,24.0,65.0,16.0,-14.0,42.0,15.0,8.0,13.0,3.0,0,11,6,Sunday
2020-11-30,290,7,60.31,2181.0,5.5,1.1,59.0,20.0,12.2,21.5,1018.0,22.0,77.0,17.0,-28.0,8.0,-30.0,-23.0,-19.0,11.0,0,11,0,Monday
2020-12-01,2232,69,60.74,2203.0,3.7,1.1,50.0,16.0,14.3,15.6,1018.0,21.1,82.0,18.0,-26.0,15.0,-26.0,-22.0,-19.0,11.0,0,12,1,Tuesday
2020-12-02,2059,48,61.12,2313.0,3.7,1.1,50.0,17.0,15.9,12.8,1016.4,22.0,80.5,18.0,-24.0,17.0,-15.0,-21.0,-17.0,11.0,0,12,2,Wednesday
2020-12-03,2075,84,61.68,2355.0,3.7,1.1,46.0,20.0,21.2,14.2,1014.0,24.0,68.0,17.0,-22.0,22.0,-11.0,-19.0,-17.0,11.0,0,12,3,Thursday
2020-12-04,2112,35,61.87,2321.0,2.8,0.6,42.0,16.0,20.8,10.1,1018.0,22.0,77.0,16.0,-22.0,22.0,-2.0,-16.0,-14.0,10.0,0,12,4,Friday
2020-12-05,2149,56,62.58,2339.0,2.8,0.6,30.0,13.0,16.7,5.5,1020.3,21.0,82.0,17.0,-12.0,26.0,-20.0,0.0,8.0,5.0,0,12,5,Saturday
2020-12-06,643,5,63.56,2440.0,2.8,0.6,21.0,9.0,11.8,5.1,1018.0,19.3,88.0,17.0,-21.0,17.0,-23.0,-13.0,8.0,5.0,0,12,6,Sunday
2020-12-07,268,7,63.88,2359.0,2.8,1.1,34.0,10.0,11.4,10.1,1017.0,20.6,87.0,18.0,-22.0,14.0,-27.0,-21.0,-19.0,10.0,0,12,0,Monday
2020-12-08,2045,56,64.63,2361.0,3.7,0.6,34.0,10.0,9.0,11.5,1016.5,20.5,83.0,18.0,-24.0,12.0,-29.0,-22.0,-18.0,11.0,0,12,1,Tuesday
2020-12-09,2175,44,65.07,2435.0,2.8,1.1,46.0,16.0,11.8,9.6,1017.0,20.0,75.5,16.0,-23.0,14.0,-14.0,-20.0,-17.0,11.0,0,12,2,Wednesday
2020-12-10,1996,63,65.19,2426.0,2.8,1.1,42.0,15.0,13.5,8.7,1017.6,20.5,73.5,15.3,-20.0,22.0,-9.0,-18.0,-17.0,10.0,0,12,3,Thursday
2020-12-11,1954,38,65.83,2437.0,3.7,1.1,42.0,16.0,10.6,13.3,1018.0,21.0,77.0,16.0,-24.0,17.0,-12.0,-15.0,-14.0,10.0,0,12,4,Friday
2020-12-12,1848,38,66.09,2474.0,4.6,0.6,46.0,15.0,17.1,13.3,1018.0,23.0,73.0,16.5,-13.0,24.0,-12.0,0.0,9.0,4.0,0,12,5,Saturday
2020-12-13,201,24,66.42,2411.0,3.7,0.6,34.0,10.0,14.3,6.9,1017.0,24.0,72.2,18.0,-20.0,14.0,-8.0,-10.0,11.0,5.0,0,12,6,Sunday
2020-12-14,290,16,66.8,2384.0,3.7,0.6,34.0,12.0,19.9,10.6,1016.0,22.6,70.5,17.0,-22.0,12.0,-18.0,-20.0,-18.0,10.0,0,12,0,Monday
2020-12-15,916,70,66.8,2382.0,3.7,1.1,46.0,15.0,15.9,15.1,1015.5,22.0,78.2,18.0,-23.0,11.0,-27.0,-20.0,-18.0,10.0,0,12,1,Tuesday
2020-12-16,0,0,67.38,2506.0,4.6,1.1,55.0,19.0,17.9,15.6,1017.3,22.7,80.9,18.0,-21.0,15.0,-17.0,-19.0,-17.0,10.0,0,12,2,Wednesday
2020-12-17,4632,121,68.29,2510.0,3.7,0.6,42.0,13.0,15.9,16.0,1017.0,22.0,78.0,18.0,-18.0,22.0,-16.0,-17.0,-17.0,9.0,0,12,3,Thursday
2020-12-18,2025,48,68.7,2500.0,4.6,1.1,46.0,15.0,15.1,15.1,1015.0,22.0,79.5,18.0,-19.0,20.0,-12.0,-13.0,-14.0,9.0,0,12,4,Friday
2020-12-19,2498,43,68.69,2503.0,4.6,1.1,57.0,20.0,21.6,12.4,1014.0,26.0,73.0,18.0,-7.0,30.0,-10.0,7.0,10.0,3.0,0,12,5,Saturday
2020-12-20,0,0,68.39,2387.0,3.7,0.6,38.0,13.0,19.9,10.6,1015.0,23.0,77.0,18.0,-12.0,22.0,-9.0,-2.0,18.0,4.0,0,12,6,Sunday
2020-12-21,730,14,68.42,2454.0,3.7,0.6,46.0,19.0,15.1,11.5,1016.0,23.0,83.0,19.0,-13.0,22.0,-26.0,-19.0,-22.0,9.0,0,12,0,Monday
2020-12-22,2351,54,68.72,2475.0,2.8,0.6,25.0,9.0,14.3,7.4,1018.0,20.8,88.0,17.0,-10.0,31.0,-30.0,-20.0,-25.0,9.0,0,12,1,Tuesday
2020-12-23,2413,50,68.57,2475.0,2.8,1.1,38.0,15.0,14.3,8.7,1018.0,19.0,77.0,15.0,-8.0,49.0,-17.0,-17.0,-26.0,8.0,0,12,2,Wednesday
2020-12-24,2298,56,68.36,2408.0,1.9,1.1,25.0,11.0,13.9,5.1,1018.0,19.0,77.0,15.0,-35.0,47.0,-34.0,-41.0,-52.0,14.0,0,12,3,Thursday
2020-12-25,1012,9,68.02,2269.0,1.9,1.1,30.0,11.0,13.5,4.6,1017.1,18.0,82.0,15.0,-83.0,-70.0,-52.0,-72.0,-77.0,21.0,1,12,4,Friday
2020-12-26,423,7,67.63,2067.0,1.9,0.6,30.0,12.0,12.2,5.5,1016.6,19.2,82.0,16.0,-60.0,-8.0,-49.0,-42.0,-29.0,13.0,1,12,5,Saturday
2020-12-27,660,7,67.53,2041.0,1.9,1.1,30.0,10.0,7.0,5.5,1018.0,20.6,85.0,17.0,-60.0,-16.0,-54.0,-36.0,-8.0,10.0,1,12,6,Sunday
2020-12-28,484,14,67.23,2110.0,3.7,0.6,30.0,10.0,16.7,11.0,1019.0,21.0,82.0,17.0,-26.0,9.0,-33.0,-34.0,-36.0,14.0,1,12,0,Monday
2020-12-29,3445,64,67.15,2254.0,3.7,0.6,30.0,10.0,14.7,11.9,1017.0,20.1,82.0,17.0,-30.0,10.0,-35.0,-35.0,-38.0,14.0,1,12,1,Tuesday
2020-12-30,3215,60,66.85,2239.0,3.7,0.6,38.0,11.0,19.5,11.0,1015.0,25.0,61.0,16.0,-26.0,35.0,-22.0,-33.0,-38.0,12.0,1,12,2,Wednesday
2020-12-31,2657,78,66.77,2368.0,3.7,1.1,30.0,12.0,17.1,6.9,1016.5,23.0,73.0,18.0,-54.0,29.0,-45.0,-52.0,-61.0,17.0,0,12,3,Thursday
2021-01-01,1117,16,66.87,2212.0,2.8,0.6,46.0,12.0,16.3,4.6,1018.0,21.0,82.0,18.0,-87.0,-77.0,-64.0,-76.0,-79.0,22.0,1,1,4,Friday
2021-01-02,553,21,67.17,2110.0,1.9,0.6,25.0,7.0,16.7,4.2,1017.8,20.0,86.7,17.0,-69.0,-19.0,-58.0,-51.0,-40.0,14.0,1,1,5,Saturday
2021-01-03,637,9,67.44,2151.0,1.9,1.1,30.0,8.0,14.3,3.7,1017.0,19.0,77.0,15.5,-61.0,-13.0,-41.0,-34.0,-10.0,8.0,1,1,6,Sunday
2021-01-04,551,18,67.77,2196.0,2.8,1.1,38.0,11.0,13.9,8.3,1016.0,21.0,77.0,15.3,-37.0,4.0,-29.0,-33.0,-29.0,12.0,1,1,0,Monday
2021-01-05,2981,93,67.63,2343.0,3.7,1.1,50.0,17.0,13.9,12.8,1016.0,24.0,73.0,17.0,-36.0,7.0,-25.0,-31.0,-28.0,13.0,1,1,1,Tuesday
2021-01-06,3208,74,67.99,2430.0,3.7,1.1,50.0,19.0,16.3,14.7,1016.0,24.7,69.0,18.0,-37.0,3.0,-24.0,-30.0,-26.0,13.0,1,1,2,Wednesday
2021-01-07,3127,60,67.87,2520.0,2.8,1.1,30.0,13.0,14.3,10.1,1015.6,24.0,73.0,18.0,-33.0,14.0,-18.0,-28.0,-25.0,13.0,0,1,3,Thursday
2021-01-08,3329,70,68.3,2699.0,3.7,0.6,38.0,14.0,14.7,9.6,1016.0,22.0,78.0,18.0,-33.0,11.0,-17.0,-26.0,-22.0,12.0,0,1,4,Friday
2021-01-09,2775,73,68.56,2746.0,3.7,0.6,57.0,19.0,17.5,6.4,1016.0,22.0,83.0,19.0,-27.0,15.0,-26.0,-17.0,-1.0,7.0,0,1,5,Saturday
2021-01-10,943,17,68.3,2767.0,2.8,0.6,46.0,14.0,15.5,5.1,1016.6,22.0,84.6,19.0,-37.0,1.0,-27.0,-25.0,2.0,7.0,0,1,6,Sunday
2021-01-11,675,12,68.41,2755.0,3.7,0.6,50.0,17.0,15.9,9.2,1016.0,23.0,83.0,20.0,-32.0,7.0,-26.0,-28.0,-23.0,11.0,0,1,0,Monday
2021-01-12,2638,66,69.29,2711.0,3.7,0.6,57.0,20.0,15.9,12.4,1016.0,23.0,83.0,20.0,-35.0,1.0,-31.0,-31.0,-24.0,12.0,0,1,1,Tuesday
2021-01-13,3580,83,69.86,2820.0,2.8,1.1,46.0,14.0,16.3,6.4,1017.2,22.7,83.0,19.0,-35.0,1.0,-23.0,-31.0,-24.0,11.0,0,1,2,Wednesday
2021-01-14,2870,97,70.78,2807.0,2.8,1.1,38.0,15.0,14.3,7.4,1018.0,22.0,82.0,18.5,-36.0,1.0,-24.0,-33.0,-26.0,10.0,0,1,3,Thursday
2021-01-15,3466,98,71.16,2835.0,4.6,1.1,50.0,17.0,9.4,16.5,1017.0,21.0,85.0,18.0,-41.0,-8.0,-32.0,-34.0,-25.0,11.0,0,1,4,Friday
2021-01-16,3061,75,71.87,2799.0,3.7,1.1,34.0,12.0,12.6,9.6,1015.0,24.0,69.5,17.0,-29.0,6.0,-17.0,-22.0,-5.0,5.0,0,1,5,Saturday
2021-01-17,1140,19,73.16,2754.0,2.8,0.6,25.0,10.0,15.9,4.6,1014.7,24.0,64.0,17.0,-36.0,-2.0,-5.0,-26.0,-3.0,4.0,0,1,6,Sunday
2021-01-18,642,12,73.72,2746.0,3.7,0.6,30.0,11.0,19.1,9.2,1015.5,23.0,78.0,18.0,-37.0,-6.0,-27.0,-33.0,-26.0,10.0,0,1,0,Monday
2021-01-19,3466,75,73.72,2804.0,2.8,0.6,38.0,14.0,15.5,7.8,1018.0,22.0,83.0,19.0,-38.0,-2.0,-32.0,-34.0,-26.0,11.0,0,1,1,Tuesday
2021-01-20,3399,105,73.91,2816.0,3.7,1.1,46.0,19.0,15.9,7.8,1018.5,22.0,82.0,19.0,-35.0,3.0,-20.0,-31.0,-24.0,10.0,0,1,2,Wednesday
2021-01-21,2868,83,73.98,2755.0,3.7,1.1,53.0,22.0,18.7,8.7,1020.0,21.9,78.0,18.0,-34.0,6.0,-19.0,-30.0,-24.0,10.0,0,1,3,Thursday
2021-01-22,1716,60,74.18,2779.0,2.8,1.1,57.0,23.0,19.1,10.1,1021.7,22.5,78.0,18.0,-34.0,5.0,-14.0,-27.0,-21.0,10.0,0,1,4,Friday
2021-01-23,3001,61,74.1,2690.0,3.7,1.1,55.0,21.0,17.1,9.6,1021.0,21.5,78.0,18.0,-34.0,4.0,-28.0,-22.0,-4.0,5.0,0,1,5,Saturday
2021-01-24,894,12,73.79,2610.0,3.7,0.6,59.0,21.0,19.1,7.4,1018.5,21.3,82.0,18.0,-40.0,-3.0,-15.0,-28.0,-2.0,5.0,0,1,6,Sunday
2021-01-25,545,16,73.42,2661.0,3.7,0.6,53.0,20.0,19.5,9.2,1017.0,22.0,78.0,18.0,-57.0,-23.0,-11.0,-60.0,-63.0,17.0,0,1,0,Monday
2021-01-26,1167,19,73.0,2601.0,4.6,1.1,53.0,21.0,14.3,17.0,1017.0,23.3,75.8,18.0,-38.0,0.0,-32.0,-31.0,-23.0,10.0,0,1,1,Tuesday
2021-01-27,3293,108,72.28,2584.0,4.6,1.1,55.0,23.0,15.9,15.6,1016.0,27.9,56.5,17.0,-37.0,2.0,-18.0,-29.0,-22.0,11.0,0,1,2,Wednesday
2021-01-28,3545,68,71.8,2580.0,4.6,1.1,46.0,20.0,20.4,15.1,1015.0,25.0,57.6,17.0,-34.0,8.0,-17.0,-28.0,-22.0,11.0,0,1,3,Thursday
2021-01-29,3267,51,71.27,2511.0,6.4,1.1,63.0,32.0,17.5,20.6,1015.8,26.0,57.0,16.0,-32.0,12.0,-5.0,-24.0,-18.0,10.0,0,1,4,Friday
2021-01-30,2721,59,70.86,2523.0,5.5,1.1,68.0,31.0,28.9,14.7,1017.0,25.5,65.0,18.0,-48.0,11.0,-32.0,-26.0,-12.0,8.0,0,1,5,Saturday
2021-01-31,764,24,70.32,2455.0,4.6,0.6,61.0,27.0,25.6,9.6,1017.0,27.0,61.0,18.0,-52.0,5.0,-29.0,-30.0,-7.0,6.0,0,1,6,Sunday
2021-02-01,468,8,70.11,2365.0,4.6,1.1,46.0,20.0,19.1,13.8,1016.4,24.0,68.0,17.0,-35.0,3.0,-27.0,-28.0,-22.0,10.0,0,2,0,Monday
2021-02-02,3138,71,69.89,2370.0,5.5,1.1,59.0,23.0,9.8,19.2,1017.0,22.8,73.0,18.0,-36.0,2.0,-25.0,-29.0,-23.0,11.0,0,2,1,Tuesday
2021-02-03,3036,62,70.03,2343.0,5.5,1.1,65.0,28.0,23.2,16.0,1017.4,24.0,78.0,19.0,-35.0,3.0,-18.0,-28.0,-20.0,11.0,0,2,2,Wednesday
2021-02-04,3213,49,69.71,2317.0,4.6,0.6,59.0,26.0,20.8,11.5,1013.0,27.5,62.7,20.0,-32.0,10.0,-13.0,-27.0,-20.0,10.0,0,2,3,Thursday
2021-02-05,2422,60,69.63,2361.0,3.7,0.6,30.0,12.0,12.6,8.3,1011.6,21.0,82.0,17.0,-31.0,14.0,-18.0,-23.0,-17.0,9.0,0,2,4,Friday
2021-02-06,2419,49,69.36,2238.0,2.8,1.1,38.0,17.0,14.7,5.1,1013.5,19.7,79.5,15.5,-24.0,19.0,-20.0,-15.0,0.0,5.0,0,2,5,Saturday
2021-02-07,802,18,69.26,2244.0,2.8,1.1,30.0,14.0,13.0,3.7,1017.0,19.0,76.5,15.0,-34.0,8.0,-11.0,-24.0,0.0,5.0,0,2,6,Sunday
2021-02-08,554,16,69.06,2242.0,2.8,1.1,30.0,16.0,9.0,6.0,1017.1,18.9,72.0,14.0,-32.0,6.0,-24.0,-25.0,-21.0,9.0,0,2,0,Monday
2021-02-09,2737,93,68.98,2282.0,1.9,1.1,30.0,14.0,10.6,6.9,1018.0,19.7,77.0,15.0,-32.0,7.0,-25.0,-26.0,-20.0,10.0,0,2,1,Tuesday
2021-02-10,2810,63,68.72,2317.0,2.8,1.1,34.0,15.0,12.2,7.8,1018.2,20.0,80.7,16.0,-33.0,4.0,-22.0,-25.0,-19.0,10.0,0,2,2,Wednesday
2021-02-11,2153,71,68.59,2271.0,4.6,1.1,46.0,16.0,11.4,16.5,1018.3,19.0,82.0,16.4,-34.0,6.0,-28.0,-26.0,-20.0,11.0,1,2,3,Thursday
2021-02-12,2529,61,68.07,2255.0,4.6,1.1,46.0,16.0,10.2,16.0,1017.8,20.0,82.0,17.0,-30.0,13.0,-16.0,-22.0,-16.0,9.0,1,2,4,Friday
2021-02-13,2203,28,68.0,2243.0,5.5,0.6,34.0,11.0,7.4,12.4,1016.0,20.3,88.0,18.0,-28.0,10.0,-45.0,-22.0,-3.0,7.0,1,2,5,Saturday
2021-02-14,585,18,67.86,2275.0,4.6,1.1,30.0,12.0,13.5,7.4,1014.0,24.0,70.0,17.0,-31.0,7.0,-3.0,-23.0,3.0,6.0,1,2,6,Sunday
2021-02-15,552,10,67.32,2173.0,3.7,0.6,38.0,16.0,12.2,11.5,1013.0,23.0,73.0,17.0,-31.0,5.0,-16.0,-31.0,-27.0,11.0,1,2,0,Monday
2021-02-16,2347,71,67.74,2249.0,4.6,1.1,42.0,16.0,12.2,14.7,1012.0,22.0,77.0,17.0,-36.0,-1.0,-21.0,-34.0,-29.0,12.0,1,2,1,Tuesday
2021-02-17,2685,63,68.12,2343.0,4.6,1.1,53.0,20.0,13.0,17.4,1012.0,21.0,82.0,17.0,-38.0,-2.0,-30.0,-27.0,-20.0,11.0,1,2,2,Wednesday
2021-02-18,2495,48,68.74,2383.0,3.7,0.6,50.0,18.0,16.3,12.8,1012.0,21.1,82.0,17.0,-30.0,15.0,-13.0,-23.0,-18.0,10.0,1,2,3,Thursday
2021-02-19,2139,44,69.62,2368.0,3.7,1.1,59.0,22.0,18.7,9.6,1014.0,22.0,78.0,17.0,-29.0,15.0,-9.0,-20.0,-14.0,9.0,1,2,4,Friday
2021-02-20,2151,50,69.93,2409.0,2.8,1.1,53.0,18.0,20.4,6.0,1018.0,22.0,75.4,17.0,-23.0,18.0,-10.0,-13.0,1.0,5.0,1,2,5,Saturday
2021-02-21,829,20,70.13,2427.0,1.9,1.1,38.0,13.0,18.7,4.2,1019.0,21.8,77.0,17.0,-32.0,8.0,2.0,-20.0,2.0,5.0,1,2,6,Sunday
2021-02-22,707,15,71.21,2510.0,2.8,1.1,46.0,16.0,16.3,6.9,1019.0,21.6,77.0,17.0,-32.0,7.0,-23.0,-24.0,-17.0,10.0,0,2,0,Monday
2021-02-23,2282,70,71.58,2497.0,3.7,1.1,46.0,20.0,18.7,12.8,1017.0,25.0,61.0,16.0,-32.0,7.0,-22.0,-24.0,-18.0,10.0,0,2,1,Tuesday
2021-02-24,2449,78,72.17,2602.0,5.5,1.6,68.0,30.0,14.7,18.3,1017.0,22.2,67.0,17.0,-37.0,1.0,-29.0,-26.0,-18.0,11.0,0,2,2,Wednesday
2021-02-25,2592,60,72.72,2739.0,3.7,0.6,50.0,17.0,13.0,12.4,1016.0,20.0,82.0,17.0,-32.0,15.0,-30.0,-25.0,-17.0,11.0,0,2,3,Thursday
2021-02-26,2133,44,73.39,2844.0,4.6,1.1,50.0,17.0,12.2,13.3,1016.0,20.0,82.6,17.0,-34.0,12.0,-27.0,-22.0,-14.0,11.0,0,2,4,Friday
2021-02-27,1914,50,74.54,2860.0,3.7,1.1,42.0,15.0,10.6,9.2,1018.0,20.0,83.7,17.3,-25.0,21.0,-34.0,-17.0,0.0,7.0,0,2,5,Saturday
2021-02-28,857,19,76.05,2867.0,3.7,1.1,38.0,14.0,11.4,6.9,1017.6,21.0,82.0,17.3,-34.0,14.0,-23.0,-25.0,0.0,7.0,0,2,6,Sunday
2021-03-01,737,25,77.23,2860.0,3.7,1.1,50.0,20.0,8.6,10.1,1016.8,22.0,83.0,18.0,-33.0,12.0,-25.0,-24.0,-18.0,10.0,0,3,0,Monday
2021-03-02,1920,102,78.14,3040.0,4.6,1.1,61.0,22.0,9.4,13.3,1017.2,22.0,82.0,18.0,-33.0,11.0,-25.0,-25.0,-19.0,11.0,0,3,1,Tuesday
2021-03-03,2668,67,79.14,3419.0,4.6,1.1,50.0,20.0,15.9,12.8,1019.0,22.3,76.1,17.0,-34.0,10.0,-19.0,-24.0,-18.0,11.0,0,3,2,Wednesday
2021-03-04,2572,63,80.06,3546.0,4.6,1.1,53.0,21.0,9.8,16.5,1017.0,22.0,76.3,17.0,-31.0,16.0,-22.0,-24.0,-18.0,11.0,0,3,3,Thursday
2021-03-05,2862,74,80.88,3661.0,3.7,0.6,30.0,12.0,11.0,9.6,1012.8,22.0,77.0,18.0,-25.0,27.0,-14.0,-19.0,-15.0,10.0,0,3,4,Friday
2021-03-06,2716,70,81.61,3742.0,3.7,0.6,21.0,9.0,9.8,7.8,1013.6,20.0,88.0,19.0,-50.0,19.0,-53.0,-32.0,-14.0,12.0,0,3,5,Saturday
2021-03-07,1350,9,82.09,3797.0,3.7,0.6,38.0,11.0,9.8,7.4,1016.0,20.0,88.0,18.0,-56.0,8.0,-52.0,-37.0,-11.0,11.0,0,3,6,Sunday
2021-03-08,1067,65,82.74,3864.0,3.7,1.1,42.0,14.0,10.6,10.6,1016.0,21.0,82.0,17.0,-49.0,11.0,-36.0,-33.0,-26.0,14.0,0,3,0,Monday
2021-03-09,3313,90,83.77,4069.0,3.7,1.1,42.0,17.0,13.5,12.4,1015.0,20.0,77.0,16.0,-51.0,7.0,-40.0,-35.0,-28.0,15.0,0,3,1,Tuesday
2021-03-10,3321,93,84.69,4196.0,2.8,0.6,38.0,14.0,15.1,10.6,1014.0,20.0,77.0,14.0,-50.0,11.0,-31.0,-34.0,-27.0,16.0,0,3,2,Wednesday
2021-03-11,3270,87,85.53,4468.0,4.6,1.1,57.0,23.0,18.3,14.7,1015.1,22.0,73.0,16.0,-50.0,13.0,-35.0,-34.0,-27.0,16.0,0,3,3,Thursday
2021-03-12,3097,86,86.45,4553.0,4.6,1.1,68.0,26.0,17.5,12.4,1017.2,22.0,78.0,18.0,-50.0,16.0,-29.0,-32.0,-24.0,16.0,0,3,4,Friday
2021-03-13,3118,93,87.32,4694.0,3.7,1.1,61.0,22.0,19.9,7.8,1018.8,22.0,78.0,18.0,-50.0,16.0,-42.0,-31.0,-13.0,12.0,0,3,5,Saturday
2021-03-14,1645,34,88.5,4868.0,2.8,0.6,42.0,16.0,19.1,6.0,1019.0,22.2,73.0,18.0,-57.0,3.0,-41.0,-37.0,-11.0,11.0,0,3,6,Sunday
2021-03-15,1303,35,89.29,4992.0,4.6,1.1,55.0,20.0,17.1,11.9,1018.0,22.0,77.0,17.0,-58.0,0.0,-42.0,-40.0,-31.0,17.0,0,3,0,Monday
2021-03-16,3829,154,89.63,5168.0,3.7,1.1,61.0,22.0,16.7,11.9,1017.0,22.0,78.0,18.0,-58.0,1.0,-43.0,-41.0,-33.0,18.0,0,3,1,Tuesday
2021-03-17,3971,108,89.97,5387.0,3.7,1.1,55.0,24.0,17.1,14.2,1015.0,22.7,73.0,16.6,-59.0,2.0,-39.0,-41.0,-34.0,19.0,0,3,2,Wednesday
2021-03-18,3741,179,90.51,5651.0,4.6,0.6,55.0,20.0,13.5,15.1,1016.0,22.0,82.0,18.0,-59.0,4.0,-45.0,-42.0,-35.0,19.0,0,3,3,Thursday
2021-03-19,3973,160,90.89,5816.0,3.7,0.6,55.0,18.0,15.5,13.3,1018.2,22.0,82.0,18.0,-58.0,10.0,-38.0,-38.0,-31.0,19.0,0,3,4,Friday
2021-03-20,4049,116,91.32,5918.0,3.7,1.1,57.0,20.0,18.3,7.8,1021.0,22.0,79.5,18.0,-57.0,16.0,-44.0,-35.0,-16.0,14.0,0,3,5,Saturday
2021-03-21,1633,16,91.39,5838.0,3.7,1.1,57.0,20.0,19.9,7.8,1021.0,25.6,68.0,17.0,-62.0,3.0,-40.0,-41.0,-14.0,13.0,0,3,6,Sunday
2021-03-22,1232,20,91.61,5995.0,5.5,1.1,65.0,26.0,18.7,11.9,1020.0,24.0,69.0,18.0,-58.0,2.0,-42.0,-41.0,-33.0,18.0,0,3,0,Monday
2021-03-23,4149,246,91.8,6169.0,3.7,1.1,61.0,23.0,19.9,9.6,1020.0,23.0,77.0,17.0,-58.0,3.0,-43.0,-42.0,-34.0,19.0,0,3,1,Tuesday
2021-03-24,4491,66,92.07,6388.0,3.7,1.1,55.0,20.0,19.1,8.3,1020.0,22.3,76.2,17.0,-58.0,3.0,-36.0,-41.0,-34.0,19.0,0,3,2,Wednesday
2021-03-25,4214,143,92.17,6347.0,2.8,1.1,46.0,17.0,17.5,8.7,1020.9,22.5,74.2,17.0,-55.0,14.0,-33.0,-39.0,-33.0,18.0,0,3,3,Thursday
2021-03-26,4241,288,92.28,6459.0,3.7,1.1,59.0,25.0,17.5,12.8,1019.0,23.1,76.2,18.0,-61.0,9.0,-33.0,-45.0,-41.0,22.0,0,3,4,Friday
2021-03-27,3709,277,92.38,6492.0,3.7,1.1,65.0,26.0,25.2,11.0,1018.0,25.0,61.8,17.0,-59.0,9.0,-45.0,-39.0,-19.0,15.0,0,3,5,Saturday
2021-03-28,2010,32,92.42,6374.0,2.8,0.6,38.0,14.0,26.4,6.0,1017.0,23.4,64.0,16.0,-65.0,-2.0,-44.0,-44.0,-15.0,14.0,0,3,6,Sunday
2021-03-29,1242,118,92.54,6283.0,3.7,1.1,59.0,23.0,23.6,15.1,1016.6,23.4,68.0,16.5,-63.0,-4.0,-45.0,-50.0,-44.0,21.0,0,3,0,Monday
2021-03-30,4748,279,92.67,6256.0,3.7,1.1,34.0,13.0,17.1,11.0,1015.0,21.0,75.6,17.0,-62.0,0.0,-51.0,-50.0,-45.0,22.0,0,3,1,Tuesday
2021-03-31,8348,291,92.63,6176.0,2.8,0.6,30.0,14.0,14.7,6.9,1014.5,19.4,77.0,15.0,-58.0,15.0,-40.0,-47.0,-43.0,21.0,0,3,2,Wednesday
2021-04-01,8646,297,92.8,6167.0,2.8,0.6,30.0,14.0,13.9,6.0,1016.2,18.6,76.7,13.0,-53.0,37.0,-35.0,-44.0,-43.0,19.0,0,4,3,Thursday
2021-04-02,3743,248,92.76,6022.0,1.9,0.6,25.0,10.0,14.3,4.2,1020.0,18.5,77.0,14.0,-73.0,-5.0,-45.0,-67.0,-70.0,29.0,1,4,4,Friday
2021-04-03,1311,61,92.63,5888.0,2.8,1.1,38.0,14.0,15.1,6.4,1020.5,19.4,78.2,15.0,-58.0,18.0,-46.0,-41.0,-24.0,15.0,1,4,5,Saturday
2021-04-04,1359,60,92.63,5703.0,1.9,1.1,25.0,10.0,15.1,4.2,1021.0,19.0,77.0,15.0,-64.0,2.0,-45.0,-40.0,-8.0,11.0,1,4,6,Sunday
2021-04-05,1126,50,92.36,5525.0,2.8,1.1,25.0,12.0,13.5,6.9,1020.7,20.0,77.0,14.5,-57.0,2.0,-41.0,-40.0,-31.0,18.0,1,4,0,Monday
2021-04-06,6740,378,91.98,5369.0,3.7,1.1,38.0,15.0,9.4,11.9,1020.0,19.0,77.0,15.0,-59.0,-3.0,-54.0,-42.0,-33.0,19.0,1,4,1,Tuesday
2021-04-07,5123,181,91.48,5313.0,2.8,1.1,25.0,11.0,10.6,7.4,1022.0,20.0,74.5,15.0,-55.0,12.0,-36.0,-38.0,-31.0,18.0,1,4,2,Wednesday
2021-04-08,4671,347,90.67,5167.0,2.8,1.6,25.0,12.0,11.4,7.8,1023.8,19.1,77.0,14.0,-53.0,22.0,-30.0,-36.0,-30.0,17.0,0,4,3,Thursday
2021-04-09,4397,232,90.14,5002.0,3.7,1.6,50.0,20.0,10.6,13.8,1023.5,20.1,77.0,14.0,-54.0,19.0,-26.0,-34.0,-27.0,17.0,0,4,4,Friday
2021-04-10,3679,153,89.32,4837.0,3.7,1.1,55.0,21.0,17.9,10.1,1020.4,21.0,67.0,13.0,-51.0,24.0,-35.0,-28.0,-11.0,12.0,0,4,5,Saturday
2021-04-11,1689,106,88.61,4657.0,4.6,1.1,61.0,29.0,17.5,13.3,1018.0,22.9,51.8,11.0,-59.0,10.0,-30.0,-35.0,-10.0,12.0,0,4,6,Sunday
2021-04-12,1331,41,88.01,4564.0,3.7,1.1,57.0,29.0,14.3,11.9,1019.0,21.0,61.7,13.0,-53.0,6.0,-38.0,-35.0,-27.0,16.0,0,4,0,Monday
2021-04-13,3885,323,87.31,4492.0,1.9,0.6,21.0,13.0,13.9,6.0,1022.6,18.7,80.0,15.0,-54.0,7.0,-45.0,-37.0,-28.0,17.0,0,4,1,Tuesday
2021-04-14,4072,227,86.74,4392.0,1.9,1.1,30.0,18.0,13.5,7.8,1022.0,17.7,77.0,14.0,-53.0,9.0,-34.0,-34.0,-27.0,17.0,0,4,2,Wednesday
2021-04-15,4161,291,86.28,4370.0,2.8,1.1,38.0,19.0,13.0,8.3,1021.0,18.2,80.6,15.0,-50.0,17.0,-31.0,-33.0,-25.0,16.0,0,4,3,Thursday
2021-04-16,4256,196,85.63,4330.0,3.7,1.1,61.0,30.0,12.2,15.6,1018.1,19.0,82.0,15.0,-51.0,16.0,-23.0,-30.0,-22.0,16.0,0,4,4,Friday
2021-04-17,3723,207,85.15,4163.0,3.7,1.1,59.0,28.0,12.6,12.4,1017.1,19.4,77.0,15.0,-49.0,18.0,-42.0,-28.0,-8.0,12.0,0,4,5,Saturday
2021-04-18,930,22,84.45,4147.0,2.8,0.6,30.0,10.0,17.9,5.5,1017.0,19.0,88.0,16.7,-52.0,7.0,-44.0,-35.0,-5.0,12.0,0,4,6,Sunday
2021-04-19,1126,45,83.98,3950.0,2.8,0.6,13.0,8.0,12.6,6.0,1019.0,17.1,88.0,15.5,-47.0,4.0,-44.0,-32.0,-23.0,16.0,0,4,0,Monday
2021-04-20,3986,223,83.74,4038.0,1.9,0.6,21.0,10.0,10.2,6.9,1020.0,17.0,87.0,15.0,-43.0,14.0,-42.0,-32.0,-24.0,15.0,0,4,1,Tuesday
2021-04-21,3904,289,83.57,4076.0,1.9,0.6,21.0,10.0,11.8,4.6,1019.7,17.5,87.0,15.0,-51.0,3.0,-37.0,-55.0,-62.0,26.0,1,4,2,Wednesday
2021-04-22,2172,53,83.34,4060.0,1.9,0.6,30.0,13.0,10.6,7.4,1020.0,16.1,87.0,14.0,-45.0,17.0,-38.0,-30.0,-22.0,15.0,1,4,3,Thursday
2021-04-23,4034,231,83.08,3913.0,2.8,0.6,30.0,13.0,10.2,9.6,1019.0,17.0,86.0,13.4,-43.0,19.0,-23.0,-26.0,-19.0,15.0,1,4,4,Friday
2021-04-24,3413,198,82.95,3913.0,2.8,0.6,34.0,14.0,13.5,9.6,1018.0,18.8,82.0,15.0,-33.0,22.0,-22.0,-18.0,0.0,10.0,1,4,5,Saturday
2021-04-25,1103,55,82.94,3780.0,3.7,0.6,57.0,22.0,13.5,9.6,1017.0,20.5,77.0,16.0,-41.0,11.0,-8.0,-26.0,3.0,9.0,1,4,6,Sunday
2021-04-26,1021,29,82.68,3805.0,3.7,1.1,59.0,22.0,13.5,11.9,1017.5,19.0,82.0,16.0,-42.0,7.0,-35.0,-28.0,-20.0,14.0,1,4,0,Monday
2021-04-27,3637,244,82.31,3785.0,2.8,0.6,38.0,14.0,12.6,7.8,1018.5,18.8,88.0,16.0,-41.0,9.0,-36.0,-29.0,-20.0,15.0,0,4,1,Tuesday
2021-04-28,3888,177,82.12,3765.0,2.8,1.1,38.0,16.0,15.5,9.2,1020.0,17.0,82.0,14.0,-39.0,12.0,-22.0,-27.0,-20.0,14.0,0,4,2,Wednesday
2021-04-29,3102,160,81.98,3763.0,1.9,0.6,30.0,13.0,15.5,7.4,1024.0,16.1,82.0,13.0,-37.0,20.0,-21.0,-26.0,-19.0,14.0,0,4,3,Thursday
2021-04-30,3036,116,81.79,3739.0,2.8,1.1,25.0,12.0,12.2,7.8,1025.0,16.0,82.0,13.0,-35.0,27.0,-15.0,-22.0,-15.0,13.0,0,4,4,Friday
2021-05-01,2700,139,81.52,3785.0,2.8,1.6,38.0,15.0,12.6,7.8,1024.0,17.0,82.0,13.0,-29.0,27.0,-12.0,-22.0,-15.0,10.0,1,5,5,Saturday
2021-05-02,812,23,81.31,3680.0,2.8,1.1,57.0,20.0,17.1,7.4,1023.0,17.0,82.0,13.0,-33.0,20.0,4.0,-23.0,4.0,8.0,1,5,6,Sunday
2021-05-03,650,35,81.42,3482.0,4.6,1.6,74.0,32.0,8.6,16.5,1022.0,18.0,87.0,15.0,-34.0,16.0,-25.0,-25.0,-19.0,13.0,1,5,0,Monday
2021-05-04,2724,178,81.75,3499.0,5.5,1.6,72.0,37.0,6.5,18.8,1021.3,20.0,64.0,13.0,-35.0,16.0,-25.0,-26.0,-19.0,13.0,1,5,1,Tuesday
2021-05-05,2599,145,81.68,3496.0,9.1,1.6,93.0,51.0,14.7,25.6,1020.9,18.7,73.0,14.0,-35.0,17.0,-18.0,-25.0,-18.0,13.0,1,5,2,Wednesday
2021-05-06,2400,100,81.5,3482.0,6.4,1.6,95.0,48.0,14.3,21.1,1019.0,19.0,74.0,15.0,-30.0,31.0,-12.0,-22.0,-18.0,12.0,1,5,3,Thursday
2021-05-07,2513,143,81.51,3523.0,2.8,0.6,17.0,7.0,12.2,7.8,1023.0,15.5,90.0,14.0,-30.0,36.0,-24.0,-19.0,-14.0,12.0,0,5,4,Friday
2021-05-08,1998,178,81.64,3629.0,2.8,1.1,30.0,10.0,13.0,6.9,1027.0,15.5,83.6,13.0,-15.0,51.0,-25.0,-6.0,4.0,7.0,0,5,5,Saturday
2021-05-09,1285,38,81.78,3523.0,2.8,1.1,34.0,12.0,15.5,5.5,1026.0,16.9,82.0,14.0,-31.0,32.0,-25.0,-17.0,16.0,5.0,0,5,6,Sunday
2021-05-10,538,17,81.65,3537.0,3.7,1.1,46.0,20.0,11.4,11.9,1024.0,16.5,82.0,13.0,-34.0,19.0,-25.0,-24.0,-18.0,13.0,0,5,0,Monday
2021-05-11,2941,219,81.38,3483.0,4.6,1.1,68.0,31.0,9.8,17.9,1020.0,17.0,82.0,14.0,-34.0,19.0,-23.0,-25.0,-18.0,13.0,0,5,1,Tuesday
2021-05-12,2808,181,81.22,3592.0,2.8,0.6,46.0,15.0,10.2,11.9,1020.0,16.1,86.4,14.0,-38.0,12.0,-32.0,-25.0,-19.0,14.0,0,5,2,Wednesday
2021-05-13,2505,111,81.34,3606.0,2.8,0.6,21.0,10.0,12.6,9.2,1023.0,14.8,84.3,12.3,-34.0,29.0,-26.0,-24.0,-18.0,13.0,0,5,3,Thursday
2021-05-14,3248,119,81.36,3540.0,2.8,1.1,34.0,15.0,12.2,10.1,1023.0,16.0,87.0,12.0,-32.0,29.0,-10.0,-19.0,-14.0,13.0,0,5,4,Friday
2021-05-15,2732,108,81.43,3529.0,3.7,1.6,53.0,20.0,11.4,11.0,1021.5,16.6,82.3,14.0,-22.0,33.0,-18.0,-10.0,1.0,8.0,0,5,5,Saturday
2021-05-16,1544,24,81.24,3605.0,2.8,1.1,61.0,22.0,17.1,8.3,1021.9,16.6,87.0,14.0,-32.0,21.0,-6.0,-20.0,6.0,9.0,0,5,6,Sunday
2021-05-17,710,20,81.3,3559.0,5.5,1.1,65.0,29.0,7.8,18.8,1020.6,18.0,72.0,13.0,-34.0,18.0,-22.0,-23.0,-16.0,13.0,0,5,0,Monday
2021-05-18,2621,190,81.45,3544.0,2.8,1.1,46.0,18.0,15.1,10.1,1020.2,16.0,87.0,13.5,-36.0,16.0,-28.0,-25.0,-17.0,13.0,0,5,1,Tuesday
2021-05-19,2830,182,81.54,3647.0,4.6,1.1,63.0,27.0,12.6,21.5,1019.0,16.0,78.6,12.0,-34.0,20.0,-11.0,-26.0,-17.0,13.0,0,5,2,Wednesday
2021-05-20,3067,131,81.37,3656.0,8.2,2.1,95.0,48.0,14.3,26.1,1018.0,16.0,82.1,12.0,-30.0,33.0,-9.0,-22.0,-15.0,12.0,0,5,3,Thursday
2021-05-21,2904,118,80.5,3669.0,7.3,1.6,95.0,51.0,9.0,28.8,1017.0,19.2,68.0,11.0,-31.0,29.0,0.0,-17.0,-11.0,12.0,0,5,4,Friday
2021-05-22,3164,89,80.21,3697.0,5.5,1.1,63.0,30.0,8.2,18.8,1016.0,17.2,82.0,14.0,-29.0,23.0,-41.0,-16.0,2.0,10.0,0,5,5,Saturday
2021-05-23,914,10,80.47,3697.0,3.7,1.1,38.0,14.0,12.6,7.4,1016.0,18.6,84.2,16.0,-34.0,18.0,-19.0,-22.0,6.0,9.0,0,5,6,Sunday
2021-05-24,898,14,80.71,3631.0,3.7,1.1,34.0,18.0,12.2,14.2,1019.0,15.6,59.5,6.0,-34.0,19.0,-19.0,-22.0,-16.0,13.0,0,5,0,Monday
2021-05-25,2737,203,80.78,3671.0,9.1,2.1,85.0,46.0,5.3,31.1,1022.0,14.0,68.6,7.0,-34.0,20.0,-21.0,-23.0,-15.0,13.0,0,5,1,Tuesday
2021-05-26,3298,109,81.14,3777.0,7.3,1.6,89.0,45.0,15.1,27.0,1021.0,15.1,81.1,11.0,-34.0,21.0,-11.0,-22.0,-15.0,13.0,0,5,2,Wednesday
2021-05-27,2318,148,81.63,3786.0,9.1,1.6,93.0,49.0,4.5,28.4,1019.0,18.8,68.0,12.0,-31.0,29.0,-9.0,-21.0,-14.0,12.0,0,5,3,Thursday
2021-05-28,431,136,82.99,3761.0,7.3,1.6,78.0,43.0,13.9,22.9,1015.9,21.3,57.0,14.0,-30.0,31.0,1.0,-17.0,-9.0,12.0,0,5,4,Friday
2021-05-29,2125,90,83.67,3811.0,4.6,0.6,55.0,32.0,17.5,10.1,1016.0,23.0,64.0,16.5,-22.0,33.0,-9.0,-9.0,8.0,8.0,0,5,5,Saturday
2021-05-30,1520,10,84.1,3833.0,4.6,0.6,53.0,20.0,8.6,11.0,1021.0,18.2,88.0,16.5,-34.0,19.0,-26.0,-25.0,6.0,9.0,0,5,6,Sunday
2021-05-31,996,20,84.14,3823.0,4.6,1.1,46.0,16.0,5.3,16.0,1022.0,17.0,88.0,15.0,-33.0,23.0,-29.0,-24.0,-14.0,13.0,0,5,0,Monday
2021-06-01,2974,147,84.37,3881.0,4.6,1.1,53.0,21.0,10.2,19.2,1019.1,16.0,87.0,14.0,-31.0,28.0,-21.0,-22.0,-14.0,13.0,0,6,1,Tuesday
2021-06-02,3599,145,84.29,3966.0,6.4,1.1,76.0,36.0,8.2,24.7,1019.2,19.0,64.5,12.0,-28.0,29.0,-5.0,-19.0,-13.0,12.0,0,6,2,Wednesday
2021-06-03,3499,90,84.14,3972.0,8.2,1.1,93.0,45.0,18.7,21.5,1022.2,17.7,77.0,14.0,-28.0,30.0,13.0,-36.0,-36.0,17.0,1,6,3,Thursday
2021-06-04,1083,14,83.81,3798.0,5.5,1.1,68.0,30.0,22.0,17.9,1024.0,19.0,78.4,16.0,-28.0,37.0,5.0,-20.0,-16.0,13.0,1,6,4,Friday
2021-06-05,3257,195,83.74,3807.0,4.6,1.1,63.0,29.0,13.9,15.6,1022.0,20.0,67.5,13.0,-19.0,39.0,7.0,-7.0,7.0,7.0,1,6,5,Saturday
2021-06-06,1616,19,83.67,3857.0,4.6,1.1,72.0,31.0,15.1,13.8,1021.0,19.0,69.9,14.0,-28.0,26.0,15.0,-16.0,8.0,7.0,1,6,6,Sunday
2021-06-07,748,21,83.64,3801.0,3.7,1.1,50.0,16.0,13.9,12.4,1021.0,17.7,88.0,16.0,-32.0,24.0,-28.0,-21.0,-14.0,12.0,1,6,0,Monday
2021-06-08,1331,114,83.61,3860.0,3.7,1.1,25.0,9.0,12.6,12.4,1021.0,17.0,91.4,16.0,-31.0,28.0,-35.0,-22.0,-14.0,13.0,1,6,1,Tuesday
2021-06-09,934,95,83.68,4022.0,3.7,1.1,46.0,18.0,11.8,16.0,1021.0,17.7,88.0,15.2,-28.0,30.0,-13.0,-19.0,-12.0,12.0,0,6,2,Wednesday
2021-06-10,3490,125,83.68,3922.0,5.5,1.1,65.0,28.0,7.0,18.3,1020.2,18.0,88.0,16.0,-28.0,33.0,-21.0,-19.0,-13.0,12.0,0,6,3,Thursday
2021-06-11,3484,109,83.71,3953.0,3.7,0.6,46.0,16.0,6.5,15.1,1020.0,17.0,88.0,15.0,-26.0,35.0,-13.0,-16.0,-9.0,12.0,0,6,4,Friday
2021-06-12,3307,95,83.49,3880.0,5.5,1.1,53.0,19.0,11.8,12.8,1021.6,14.3,87.0,12.0,-10.0,42.0,-2.0,-3.0,7.0,7.0,0,6,5,Saturday
2021-06-13,1198,14,82.71,3810.0,1.9,1.1,30.0,12.0,17.9,6.0,1024.1,13.0,82.0,10.0,-25.0,24.0,4.0,-18.0,7.0,8.0,0,6,6,Sunday
2021-06-14,808,25,82.36,3700.0,2.8,1.6,42.0,18.0,13.0,13.3,1023.9,14.6,82.0,12.0,-31.0,21.0,-18.0,-22.0,-13.0,12.0,0,6,0,Monday
2021-06-15,3776,140,82.01,3643.0,3.7,1.1,63.0,27.0,10.6,16.5,1021.8,15.0,85.4,12.0,-31.0,23.0,-20.0,-22.0,-12.0,12.0,0,6,1,Tuesday
2021-06-16,3580,187,81.4,3603.0,2.8,0.6,34.0,15.0,16.3,9.2,1021.5,14.0,85.0,12.0,-31.0,23.0,-14.0,-22.0,-13.0,12.0,0,6,2,Wednesday
2021-06-17,2446,133,80.9,3670.0,2.8,1.1,25.0,10.0,13.9,11.5,1024.0,13.2,87.0,12.0,-30.0,28.0,-16.0,-22.0,-13.0,12.0,0,6,3,Thursday
2021-06-18,4416,150,80.14,3575.0,3.7,1.1,42.0,17.0,12.2,15.1,1025.0,14.3,82.0,11.3,-29.0,29.0,-4.0,-18.0,-9.0,12.0,0,6,4,Friday
2021-06-19,2900,139,79.29,3544.0,4.6,1.1,55.0,21.0,10.6,13.3,1023.0,16.0,87.0,13.0,-21.0,32.0,-21.0,-9.0,6.0,8.0,0,6,5,Saturday
2021-06-20,1686,19,78.89,3447.0,4.6,0.6,59.0,23.0,14.3,9.2,1020.0,16.0,84.9,13.0,-28.0,22.0,1.0,-21.0,6.0,8.0,0,6,6,Sunday
2021-06-21,926,11,77.84,3290.0,2.8,1.1,34.0,12.0,13.9,13.3,1023.2,14.0,87.0,12.0,-33.0,19.0,-27.0,-23.0,-13.0,12.0,0,6,0,Monday
2021-06-22,3720,164,76.82,3254.0,3.7,1.1,42.0,14.0,7.8,15.6,1023.5,14.4,93.0,13.0,-35.0,18.0,-34.0,-26.0,-13.0,13.0,0,6,1,Tuesday
2021-06-23,3172,118,76.15,3071.0,2.8,0.6,25.0,10.0,13.0,11.0,1025.0,14.0,87.0,12.0,-32.0,21.0,-18.0,-23.0,-12.0,13.0,0,6,2,Wednesday
2021-06-24,2808,145,75.38,3169.0,4.6,1.1,46.0,20.0,10.6,15.6,1020.2,17.2,73.8,12.0,-28.0,31.0,-6.0,-21.0,-12.0,12.0,0,6,3,Thursday
2021-06-25,3038,140,74.79,3119.0,7.3,2.1,78.0,42.0,6.5,28.4,1020.7,17.6,74.8,13.0,-29.0,30.0,0.0,-17.0,-7.0,11.0,0,6,4,Friday
2021-06-26,2511,96,74.19,3060.0,6.4,1.1,82.0,40.0,11.4,21.5,1021.0,21.0,68.2,14.0,-19.0,34.0,4.0,-7.0,9.0,6.0,0,6,5,Saturday
2021-06-27,1095,8,73.49,3009.0,5.5,1.1,65.0,33.0,14.7,12.8,1020.0,20.0,60.0,11.0,-27.0,22.0,32.0,-18.0,8.0,6.0,0,6,6,Sunday
2021-06-28,568,11,73.14,2902.0,6.4,1.1,68.0,32.0,11.8,16.5,1022.2,16.0,75.6,13.0,-32.0,19.0,-17.0,-23.0,-12.0,11.0,0,6,0,Monday
2021-06-29,2776,154,72.51,2830.0,3.7,0.6,25.0,12.0,8.2,14.2,1024.0,12.0,87.0,10.0,-37.0,13.0,-39.0,-29.0,-15.0,12.0,0,6,1,Tuesday
2021-06-30,1226,91,71.73,2849.0,2.8,1.1,42.0,18.0,9.8,15.1,1026.0,8.8,70.0,4.0,-29.0,29.0,-17.0,-22.0,-12.0,12.0,0,6,2,Wednesday
2021-07-01,2155,93,70.9,2824.0,2.8,1.6,50.0,20.0,12.6,13.8,1028.0,12.0,82.0,7.0,-26.0,40.0,-13.0,-20.0,-12.0,12.0,0,7,3,Thursday
2021-07-02,2413,110,70.15,2759.0,6.4,1.6,65.0,30.0,9.0,22.0,1027.0,15.0,67.0,9.0,-26.0,36.0,0.0,-15.0,-7.0,12.0,0,7,4,Friday
2021-07-03,2654,85,69.63,2674.0,7.3,1.6,78.0,43.0,20.4,19.2,1026.0,14.4,71.0,10.0,-15.0,42.0,-4.0,-5.0,9.0,7.0,0,7,5,Saturday
2021-07-04,706,8,69.12,2565.0,2.8,1.1,53.0,20.0,22.0,6.4,1027.0,14.0,85.3,12.0,-25.0,28.0,0.0,-19.0,8.0,8.0,0,7,6,Sunday
2021-07-05,490,14,68.64,2531.0,2.8,1.1,53.0,21.0,19.5,13.3,1027.0,15.0,82.0,12.0,-27.0,27.0,-18.0,-20.0,-12.0,12.0,0,7,0,Monday
2021-07-06,2619,136,67.82,2510.0,2.8,1.1,50.0,20.0,16.3,11.9,1025.3,14.0,82.0,11.0,-27.0,30.0,-21.0,-20.0,-12.0,12.0,0,7,1,Tuesday
2021-07-07,2184,88,66.76,2520.0,2.8,1.1,46.0,20.0,13.9,14.2,1024.0,14.9,83.3,10.0,-24.0,35.0,-7.0,-17.0,-12.0,11.0,0,7,2,Wednesday
2021-07-08,2230,119,66.27,2513.0,3.7,1.1,59.0,26.0,15.1,16.0,1022.3,14.0,82.0,11.0,-17.0,47.0,1.0,-13.0,-11.0,9.0,0,7,3,Thursday
2021-07-09,2494,80,65.76,2422.0,3.7,1.6,65.0,28.0,13.9,12.8,1023.8,14.2,87.0,11.4,-32.0,26.0,21.0,-41.0,-55.0,20.0,0,7,4,Friday
2021-07-10,711,7,64.65,2306.0,5.5,1.6,78.0,38.0,12.2,19.7,1023.0,16.7,61.1,9.0,-18.0,35.0,4.0,-7.0,2.0,6.0,0,7,5,Saturday
2021-07-11,1013,8,63.59,2332.0,7.3,1.6,102.0,50.0,13.9,19.7,1023.0,15.2,67.0,9.0,-25.0,22.0,27.0,-13.0,8.0,5.0,0,7,6,Sunday
2021-07-12,528,14,62.95,2296.0,5.5,2.1,91.0,46.0,10.2,24.7,1024.0,16.0,72.0,10.0,-26.0,28.0,-10.0,-18.0,-13.0,11.0,0,7,0,Monday
2021-07-13,1487,103,62.91,2275.0,6.4,2.1,78.0,45.0,10.2,24.3,1024.0,18.0,57.6,9.0,-27.0,26.0,-10.0,-19.0,-13.0,11.0,0,7,1,Tuesday
2021-07-14,2469,70,63.04,2263.0,10.0,2.1,89.0,54.0,7.0,28.8,1022.0,18.7,55.0,9.0,-27.0,26.0,-1.0,-18.0,-12.0,11.0,0,7,2,Wednesday
2021-07-15,1780,78,62.84,2250.0,10.0,2.1,87.0,55.0,6.5,28.4,1019.3,19.2,54.1,9.0,-24.0,36.0,2.0,-20.0,-12.0,11.0,0,7,3,Thursday
2021-07-16,1623,81,62.49,2206.0,3.7,1.1,68.0,33.0,16.3,15.1,1019.8,16.0,77.0,13.0,-26.0,33.0,-1.0,-14.0,-8.0,11.0,0,7,4,Friday
2021-07-17,2164,81,62.44,2180.0,5.5,1.1,50.0,19.0,15.5,17.4,1020.0,15.3,77.0,14.0,-18.0,35.0,-14.0,-6.0,9.0,7.0,0,7,5,Saturday
2021-07-18,294,3,62.08,2132.0,4.6,0.6,57.0,21.0,15.1,11.0,1021.0,16.5,77.0,10.0,-21.0,27.0,34.0,-13.0,10.0,6.0,0,7,6,Sunday
2021-07-19,589,29,61.45,2063.0,2.8,1.1,38.0,17.0,13.0,16.0,1024.0,11.6,50.0,0.0,-27.0,25.0,-12.0,-19.0,-13.0,11.0,0,7,0,Monday
2021-07-20,830,92,60.68,2028.0,5.5,1.6,61.0,32.0,11.8,19.2,1026.0,11.0,61.0,6.0,-27.0,29.0,-18.0,-20.0,-13.0,12.0,0,7,1,Tuesday
2021-07-21,2706,77,59.63,1983.0,6.4,2.6,72.0,39.0,10.2,25.2,1026.2,14.0,61.7,6.0,-26.0,29.0,-3.0,-17.0,-12.0,12.0,0,7,2,Wednesday
2021-07-22,2060,90,58.61,1921.0,4.6,1.6,82.0,36.0,12.6,20.6,1029.0,12.5,87.0,9.0,-24.0,36.0,-1.0,-17.0,-11.0,11.0,0,7,3,Thursday
2021-07-23,2126,79,57.65,1796.0,5.5,1.6,85.0,42.0,18.3,22.0,1027.0,14.1,82.0,10.0,-25.0,34.0,8.0,-13.0,-7.0,11.0,0,7,4,Friday
2021-07-24,907,63,56.66,1715.0,8.2,2.1,99.0,50.0,9.8,24.3,1025.0,17.2,63.0,10.0,-16.0,36.0,11.0,-2.0,10.0,6.0,0,7,5,Saturday
2021-07-25,523,2,55.72,1720.0,9.1,1.6,97.0,49.0,9.8,19.7,1022.0,18.6,53.0,7.0,-22.0,27.0,44.0,-11.0,11.0,5.0,0,7,6,Sunday
2021-07-26,426,7,54.73,1633.0,9.1,2.1,95.0,54.0,6.1,28.8,1020.0,20.0,44.1,7.0,-28.0,25.0,-6.0,-18.0,-12.0,11.0,0,7,0,Monday
2021-07-27,1695,61,53.57,1652.0,5.5,1.6,76.0,52.0,18.7,20.2,1018.0,18.0,48.0,7.0,-28.0,26.0,-9.0,-19.0,-11.0,11.0,0,7,1,Tuesday
2021-07-28,1817,48,53.08,1587.0,3.7,0.6,25.0,9.0,11.0,12.4,1019.0,11.0,91.0,9.0,-38.0,12.0,-41.0,-26.0,-14.0,15.0,0,7,2,Wednesday
2021-07-29,1840,74,52.17,1617.0,2.8,1.1,38.0,17.0,13.5,12.8,1024.5,7.0,65.0,1.0,-26.0,35.0,-13.0,-18.0,-10.0,12.0,0,7,3,Thursday
2021-07-30,1757,70,51.28,1554.0,2.8,1.1,46.0,20.0,13.9,12.8,1028.0,8.2,77.6,4.0,-25.0,37.0,-9.0,-15.0,-6.0,12.0,0,7,4,Friday
2021-07-31,1630,70,50.46,1577.0,2.8,1.1,42.0,19.0,16.7,9.6,1030.0,11.0,81.0,6.0,-14.0,43.0,-16.0,-4.0,12.0,7.0,0,7,5,Saturday
2021-08-01,575,3,49.92,1569.0,2.8,1.1,55.0,20.0,17.5,9.2,1030.0,12.2,82.0,10.0,-21.0,34.0,-5.0,-14.0,11.0,8.0,0,8,6,Sunday
2021-08-02,330,3,49.04,1502.0,4.6,1.1,68.0,30.0,13.9,17.4,1027.0,13.0,87.0,9.0,-24.0,32.0,-14.0,-14.0,-8.0,11.0,0,8,0,Monday
2021-08-03,1681,85,48.12,1434.0,2.8,0.6,38.0,16.0,16.7,10.1,1028.0,12.5,85.5,10.0,-27.0,29.0,-25.0,-17.0,-8.0,11.0,0,8,1,Tuesday
2021-08-04,1907,57,47.29,1478.0,2.8,1.1,38.0,18.0,17.9,11.0,1029.7,12.0,82.0,9.0,-25.0,32.0,-9.0,-14.0,-7.0,11.0,0,8,2,Wednesday
2021-08-05,1531,40,46.94,1392.0,3.7,1.6,50.0,20.0,15.9,11.9,1030.0,14.1,84.5,12.0,-20.0,43.0,-7.0,-12.0,-6.0,10.0,0,8,3,Thursday
2021-08-06,1498,41,46.79,1383.0,3.7,1.1,61.0,25.0,13.5,13.8,1029.4,15.7,86.8,12.0,-16.0,49.0,7.0,-6.0,-2.0,9.0,0,8,4,Friday
2021-08-07,1448,36,46.69,1393.0,4.6,1.6,65.0,27.0,12.2,14.2,1026.0,15.7,84.3,13.0,-3.0,57.0,0.0,6.0,12.0,5.0,0,8,5,Saturday
2021-08-08,728,8,46.5,1319.0,4.6,1.6,68.0,27.0,11.4,11.9,1024.0,17.0,72.0,11.0,-16.0,43.0,12.0,-5.0,15.0,3.0,0,8,6,Sunday
2021-08-09,396,5,46.66,1277.0,6.4,1.6,70.0,35.0,9.4,22.4,1024.0,19.0,59.0,8.0,-23.0,34.0,-5.0,-12.0,-7.0,10.0,0,8,0,Monday
2021-08-10,1709,100,47.06,1306.0,9.1,1.6,97.0,53.0,9.8,29.8,1021.6,19.0,49.0,6.0,-23.0,34.0,-5.0,-12.0,-6.0,9.0,0,8,1,Tuesday
2021-08-11,1298,129,47.32,1345.0,3.7,0.6,53.0,21.0,16.7,9.2,1024.0,14.3,82.0,12.0,-26.0,29.0,-12.0,-13.0,-7.0,11.0,0,8,2,Wednesday
2021-08-12,1692,87,47.23,1332.0,2.8,0.6,17.0,8.0,14.7,9.2,1025.4,13.0,93.0,12.0,-24.0,36.0,-30.0,-13.0,-6.0,10.0,0,8,3,Thursday
2021-08-13,1674,64,46.78,1338.0,2.8,1.1,25.0,10.0,11.8,13.3,1025.7,13.3,93.0,13.0,-26.0,32.0,-31.0,-11.0,-3.0,11.0,0,8,4,Friday
2021-08-14,1393,102,46.56,1415.0,2.8,0.6,46.0,17.0,14.7,11.9,1024.9,14.7,88.6,13.0,-11.0,41.0,-28.0,-1.0,12.0,6.0,0,8,5,Saturday
2021-08-15,649,14,46.56,1396.0,3.7,1.1,63.0,24.0,13.5,10.6,1021.0,15.5,87.0,14.0,-15.0,33.0,6.0,-8.0,13.0,6.0,0,8,6,Sunday
2021-08-16,590,12,46.34,1380.0,5.5,1.1,70.0,30.0,9.4,17.9,1020.7,16.0,83.6,14.0,-28.0,25.0,-36.0,-15.0,-8.0,11.0,0,8,0,Monday
2021-08-17,1361,216,45.97,1399.0,7.3,1.6,68.0,38.0,11.4,24.3,1021.6,20.3,62.0,12.0,-24.0,29.0,-26.0,-13.0,-7.0,10.0,0,8,1,Tuesday
2021-08-18,1534,142,45.3,1386.0,9.1,1.6,104.0,54.0,11.0,30.2,1022.9,23.6,54.7,11.0,-25.0,27.0,-16.0,-12.0,-4.0,10.0,0,8,2,Wednesday
2021-08-19,1484,60,44.95,1382.0,8.2,1.6,97.0,54.0,11.8,29.3,1020.0,22.4,46.0,10.0,-22.0,35.0,-13.0,-11.0,-4.0,9.0,0,8,3,Thursday
2021-08-20,1575,60,44.49,1301.0,8.2,1.6,89.0,53.0,15.1,26.6,1019.8,22.0,44.0,10.0,-20.0,39.0,-6.0,-7.0,0.0,8.0,0,8,4,Friday
2021-08-21,1329,44,44.15,1263.0,9.1,2.1,99.0,54.0,27.3,28.8,1020.2,21.2,46.0,7.0,-11.0,40.0,-1.0,2.0,12.0,4.0,0,8,5,Saturday
2021-08-22,465,7,43.38,1212.0,4.6,2.1,95.0,51.0,21.6,17.4,1018.0,22.0,37.0,7.0,-17.0,32.0,26.0,-7.0,12.0,4.0,0,8,6,Sunday
2021-08-23,489,7,43.06,1237.0,8.2,2.1,122.0,62.0,12.6,27.9,1016.1,22.2,41.0,9.0,-26.0,28.0,-23.0,-12.0,-5.0,9.0,0,8,0,Monday
2021-08-24,1615,63,42.4,1247.0,8.2,2.6,132.0,67.0,10.2,33.0,1015.9,23.5,43.0,9.0,-27.0,27.0,-26.0,-16.0,-5.0,10.0,0,8,1,Tuesday
2021-08-25,1366,52,42.33,1294.0,9.1,2.6,127.0,68.0,11.8,36.2,1014.4,24.0,40.0,9.0,-26.0,28.0,-17.0,-12.0,-4.0,10.0,0,8,2,Wednesday
2021-08-26,1476,39,42.23,1292.0,5.5,1.6,107.0,61.0,28.1,17.4,1015.0,23.0,44.0,10.0,-24.0,35.0,-17.0,-11.0,-4.0,9.0,0,8,3,Thursday
2021-08-27,1694,71,42.65,1300.0,2.8,1.1,25.0,11.0,17.1,8.3,1022.6,15.5,89.6,14.0,-26.0,31.0,-26.0,-10.0,0.0,10.0,0,8,4,Friday
2021-08-28,1411,33,42.52,1296.0,3.7,0.6,25.0,9.0,15.9,10.1,1025.0,15.0,89.0,14.0,-23.0,27.0,-54.0,-14.0,9.0,9.0,0,8,5,Saturday
2021-08-29,757,14,43.08,1211.0,2.8,0.6,30.0,10.0,19.1,5.5,1026.0,16.0,88.0,15.0,-24.0,26.0,-38.0,-16.0,10.0,8.0,0,8,6,Sunday
2021-08-30,554,20,42.8,1197.0,2.8,0.6,21.0,10.0,18.3,7.8,1025.0,16.3,82.5,14.0,-26.0,28.0,-31.0,-13.0,-4.0,10.0,0,8,0,Monday
2021-08-31,1900,41,42.95,1147.0,2.8,1.1,30.0,12.0,16.3,7.8,1025.9,17.0,82.0,13.2,-23.0,41.0,-31.0,-12.0,-3.0,9.0,0,8,1,Tuesday
2021-09-01,1466,52,42.54,1178.0,2.8,1.1,38.0,16.0,14.3,11.5,1024.6,16.7,82.0,13.0,-22.0,37.0,-19.0,-9.0,-3.0,9.0,0,9,2,Wednesday
2021-09-02,1305,62,42.31,1223.0,3.7,1.1,57.0,24.0,11.4,16.0,1021.0,18.0,72.0,12.0,-19.0,43.0,-15.0,-8.0,-2.0,8.0,0,9,3,Thursday
2021-09-03,1640,58,41.94,1211.0,5.5,1.1,68.0,37.0,13.5,21.5,1019.0,21.0,60.0,12.0,-19.0,41.0,-7.0,-4.0,2.0,7.0,0,9,4,Friday
2021-09-04,1626,61,41.83,1205.0,4.6,1.6,80.0,41.0,20.8,16.0,1018.2,17.0,79.8,14.5,-12.0,41.0,-10.0,3.0,10.0,3.0,0,9,5,Saturday
2021-09-05,415,3,40.88,1173.0,3.7,1.1,68.0,28.0,19.1,9.6,1017.5,18.0,73.0,14.0,-16.0,29.0,20.0,-7.0,10.0,4.0,0,9,6,Sunday
2021-09-06,418,6,40.49,1189.0,2.8,0.6,63.0,22.0,25.6,8.7,1020.0,18.0,82.0,15.0,-15.0,37.0,-11.0,-25.0,-33.0,11.0,0,9,0,Monday
2021-09-07,853,10,40.71,1212.0,2.8,0.6,53.0,18.0,23.6,6.4,1019.0,17.0,88.0,15.0,-33.0,8.0,21.0,-46.0,-67.0,19.0,1,9,1,Tuesday
2021-09-08,646,2,41.36,1233.0,5.5,1.1,85.0,52.0,19.1,15.6,1015.0,19.4,82.0,15.0,-25.0,33.0,-19.0,-9.0,-3.0,8.0,1,9,2,Wednesday
2021-09-09,269,43,41.81,1257.0,4.6,0.6,63.0,27.0,19.1,16.5,1016.2,21.0,82.0,17.0,-25.0,38.0,-28.0,-10.0,-3.0,9.0,1,9,3,Thursday
2021-09-10,146,44,42.3,1249.0,5.5,0.6,72.0,27.0,10.6,22.0,1019.0,21.0,75.0,16.0,-21.0,37.0,-22.0,-6.0,2.0,9.0,1,9,4,Friday
2021-09-11,138,34,43.02,1285.0,5.5,1.1,65.0,29.0,7.4,22.0,1021.2,20.3,70.0,15.0,-8.0,42.0,-16.0,4.0,15.0,5.0,1,9,5,Saturday
2021-09-12,79,12,44.43,1220.0,4.6,1.6,78.0,30.0,15.9,14.7,1021.0,19.0,77.0,16.0,-14.0,31.0,21.0,-4.0,12.0,5.0,1,9,6,Sunday
2021-09-13,43,6,45.64,1239.0,6.4,1.1,82.0,42.0,13.0,22.0,1016.0,24.2,57.0,15.0,-23.0,29.0,-22.0,-9.0,-3.0,8.0,0,9,0,Monday
2021-09-14,180,53,46.33,1231.0,4.6,1.1,95.0,53.0,24.0,16.5,1016.0,24.7,47.0,12.0,-25.0,26.0,-29.0,-11.0,-4.0,9.0,0,9,1,Tuesday
2021-09-15,162,45,46.11,1272.0,3.7,1.1,59.0,21.0,19.5,10.6,1023.0,19.0,82.0,16.0,-26.0,26.0,-31.0,-11.0,-4.0,9.0,0,9,2,Wednesday
2021-09-16,4472,57,46.35,1277.0,1.9,0.6,25.0,8.0,15.5,9.2,1026.6,17.0,88.0,15.0,-24.0,33.0,-32.0,-11.0,-4.0,9.0,0,9,3,Thursday
2021-09-17,3767,38,46.49,1301.0,2.8,0.6,38.0,14.0,14.3,11.5,1023.0,16.0,93.0,15.0,-21.0,34.0,-18.0,-6.0,0.0,8.0,0,9,4,Friday
2021-09-18,361,30,46.77,1307.0,3.7,1.1,65.0,27.0,13.0,12.4,1018.8,18.3,88.0,16.0,-9.0,37.0,-10.0,4.0,13.0,4.0,0,9,5,Saturday
2021-09-19,88,15,45.97,1277.0,4.6,1.1,85.0,39.0,15.9,14.2,1018.1,19.0,82.0,17.0,-14.0,30.0,18.0,-5.0,10.0,4.0,0,9,6,Sunday
2021-09-20,77,10,46.12,1223.0,4.6,1.1,87.0,40.0,19.9,16.0,1018.0,21.9,77.0,15.0,-23.0,30.0,-23.0,-10.0,-3.0,8.0,0,9,0,Monday
2021-09-21,391,59,46.08,1167.0,6.4,1.6,109.0,51.0,17.9,23.8,1017.0,20.0,73.5,16.0,-27.0,24.0,-36.0,-12.0,-3.0,9.0,0,9,1,Tuesday
2021-09-22,340,40,46.92,1196.0,1.9,1.1,30.0,15.0,20.4,8.3,1023.0,13.1,85.3,11.0,-26.0,26.0,-32.0,-12.0,-1.0,10.0,0,9,2,Wednesday
2021-09-23,294,50,47.2,1162.0,1.9,1.1,34.0,18.0,19.5,8.3,1023.0,14.0,76.0,10.0,-21.0,37.0,-20.0,-9.0,0.0,8.0,0,9,3,Thursday
2021-09-24,408,65,47.96,1107.0,2.8,1.1,59.0,29.0,18.3,12.4,1021.0,15.0,82.0,12.0,-21.0,34.0,-12.0,-6.0,4.0,8.0,0,9,4,Friday
2021-09-25,238,41,47.88,1106.0,2.8,1.1,70.0,29.0,19.5,12.4,1021.0,17.0,83.0,14.0,-15.0,31.0,-34.0,-2.0,13.0,6.0,0,9,5,Saturday
2021-09-26,94,23,49.0,1023.0,3.7,1.1,78.0,34.0,19.1,11.0,1020.0,20.6,63.6,13.0,-15.0,30.0,4.0,-4.0,12.0,5.0,0,9,6,Sunday
2021-09-27,60,8,49.07,1024.0,5.5,2.1,89.0,43.0,16.7,24.7,1022.0,20.7,64.0,13.0,-25.0,27.0,-23.0,-11.0,-1.0,9.0,0,9,0,Monday
2021-09-28,451,88,49.67,1067.0,4.6,2.1,78.0,41.0,17.1,22.4,1019.2,23.3,46.0,10.0,-26.0,25.0,-26.0,-12.0,-1.0,9.0,0,9,1,Tuesday
2021-09-29,232,91,49.64,1105.0,2.8,1.1,78.0,37.0,22.0,11.5,1018.0,18.8,78.0,15.5,-26.0,25.0,-24.0,-11.0,0.0,9.0,0,9,2,Wednesday
2021-09-30,406,41,49.89,1170.0,2.8,0.6,55.0,19.0,23.6,9.2,1018.0,17.0,82.0,14.0,-19.0,42.0,-21.0,-8.0,1.0,8.0,0,9,3,Thursday
2021-10-01,252,35,49.31,1127.0,4.6,0.6,53.0,20.0,12.6,17.9,1016.0,18.6,85.0,16.0,-21.0,35.0,-25.0,-6.0,4.0,8.0,0,10,4,Friday
2021-10-02,293,34,49.5,1129.0,6.4,1.1,65.0,26.0,11.4,20.6,1015.5,20.0,82.0,16.0,-6.0,43.0,-24.0,5.0,15.0,5.0,0,10,5,Saturday
2021-10-03,70,4,49.47,1084.0,9.1,0.6,61.0,22.0,3.3,22.0,1014.6,19.7,88.0,17.0,-19.0,29.0,-27.0,-12.0,10.0,6.0,0,10,6,Sunday
2021-10-04,105,9,49.63,1081.0,3.7,1.1,50.0,16.0,14.3,16.5,1016.0,18.8,89.0,17.0,-26.0,25.0,-37.0,-12.0,-1.0,9.0,0,10,0,Monday
2021-10-05,612,40,49.48,1042.0,2.8,0.6,30.0,10.0,16.7,11.0,1020.7,16.0,90.7,14.0,-22.0,31.0,-36.0,-11.0,-1.0,9.0,0,10,1,Tuesday
2021-10-06,293,49,49.51,1099.0,2.8,0.6,42.0,14.0,17.1,11.0,1019.0,18.0,88.0,16.0,-18.0,35.0,-18.0,-7.0,1.0,8.0,0,10,2,Wednesday
2021-10-07,192,30,49.1,1084.0,2.8,0.6,46.0,15.0,13.0,11.9,1019.0,17.0,88.0,16.0,-16.0,44.0,-25.0,-6.0,1.0,7.0,0,10,3,Thursday
2021-10-08,322,19,48.8,1119.0,2.8,0.6,34.0,12.0,17.1,9.6,1019.0,15.3,87.0,13.3,-13.0,44.0,-11.0,-1.0,5.0,6.0,0,10,4,Friday
2021-10-09,424,34,48.37,966.0,2.8,0.6,30.0,10.0,14.7,9.6,1019.0,15.2,92.8,14.0,-10.0,36.0,-46.0,2.0,10.0,5.0,0,10,5,Saturday
2021-10-10,21,5,47.62,1010.0,1.9,0.6,25.0,8.0,14.7,6.4,1019.0,16.0,93.0,15.0,-18.0,26.0,-50.0,-16.0,8.0,7.0,0,10,6,Sunday
2021-10-11,20,19,46.6,994.0,2.8,0.6,21.0,9.0,12.2,10.1,1019.7,16.6,93.0,15.0,-8.0,36.0,-38.0,-24.0,-32.0,12.0,0,10,0,Monday
2021-10-12,21,4,45.57,1011.0,2.8,0.6,34.0,12.0,19.1,7.4,1018.6,17.5,89.0,15.65,-24.0,13.0,-7.0,-49.0,-67.0,19.0,1,10,1,Tuesday
2021-10-13,55,5,44.55,994.0,2.8,0.6,55.0,20.0,18.3,12.4,1016.8,17.7,89.9,16.3,-23.0,27.0,-20.0,-7.0,-1.0,8.0,1,10,2,Wednesday
2021-10-14,483,7,44.05,941.0,3.7,1.1,57.0,26.0,17.9,17.4,1015.0,20.3,81.9,16.950000000000003,-21.0,33.0,-22.0,-7.0,1.0,8.0,1,10,3,Thursday
2021-10-15,327,7,43.68,981.0,3.7,1.1,53.0,20.0,24.4,20.6,1015.5,20.0,78.5,17.6,-20.0,32.0,-16.0,-4.0,4.0,8.0,1,10,4,Friday
2021-10-16,153,25,43.09,1064.0,2.8,0.6,30.0,10.0,21.6,8.7,1018.6,19.0,88.0,17.0,-9.0,36.0,-28.0,3.0,16.0,5.0,1,10,5,Saturday
2021-10-17,152,10,42.91,962.0,1.9,0.6,25.0,8.0,17.9,5.5,1020.0,16.1,93.0,15.0,-17.0,28.0,-35.0,-10.0,11.0,7.0,1,10,6,Sunday
2021-10-18,56,2,42.93,941.0,2.8,0.6,21.0,9.0,13.9,10.6,1019.2,16.0,93.0,15.0,-28.0,20.0,-44.0,-12.0,-2.0,10.0,0,10,0,Monday
2021-10-19,376,18,42.8,964.0,1.9,0.6,17.0,7.0,16.3,9.6,1021.6,15.0,93.0,14.0,-26.0,22.0,-42.0,-11.0,-1.0,9.0,0,10,1,Tuesday
2021-10-20,440,25,43.13,974.0,2.8,0.6,30.0,10.0,17.9,9.6,1021.3,13.0,93.0,12.0,-21.0,32.0,-28.0,-8.0,0.0,9.0,0,10,2,Wednesday
2021-10-21,475,8,43.0,929.0,2.8,1.1,42.0,14.0,18.7,10.6,1019.6,14.6,87.0,12.0,-16.0,42.0,-18.0,-5.0,2.0,7.0,0,10,3,Thursday
2021-10-22,373,19,43.0,921.0,2.8,1.1,53.0,20.0,16.7,14.7,1017.0,16.0,82.0,13.0,-15.0,38.0,-5.0,-1.0,6.0,7.0,0,10,4,Friday
2021-10-23,420,28,42.94,924.0,4.6,1.1,61.0,30.0,18.3,18.8,1012.7,23.2,60.0,13.0,-3.0,39.0,5.0,10.0,17.0,3.0,0,10,5,Saturday
2021-10-24,0,0,42.98,886.0,2.8,0.6,34.0,10.0,26.0,6.4,1014.9,17.8,90.0,16.0,-21.0,23.0,-46.0,-14.0,9.0,7.0,0,10,6,Sunday
2021-10-25,59,0,42.99,831.0,2.8,0.6,42.0,20.0,19.1,11.0,1022.0,17.0,87.0,14.0,-21.0,30.0,-29.0,-7.0,2.0,8.0,0,10,0,Monday
2021-10-26,353,19,43.12,854.0,3.7,1.1,57.0,20.0,15.5,12.4,1022.2,17.1,91.5,16.0,-22.0,26.0,-29.0,-7.0,1.0,8.0,0,10,1,Tuesday
2021-10-27,170,13,43.02,863.0,3.7,0.6,57.0,20.0,14.7,12.8,1024.0,19.0,93.0,18.0,-23.0,23.0,-27.0,-6.0,1.0,8.0,0,10,2,Wednesday
2021-10-28,259,28,43.07,899.0,3.7,1.1,42.0,14.0,11.4,13.3,1024.3,19.0,88.7,18.0,-17.0,38.0,-23.0,-4.0,2.0,7.0,0,10,3,Thursday
2021-10-29,390,41,42.95,922.0,2.8,1.1,50.0,18.0,10.6,11.0,1022.0,18.0,85.1,16.0,-13.0,43.0,-11.0,1.0,6.0,6.0,0,10,4,Friday
2021-10-30,240,22,43.06,824.0,2.8,1.1,46.0,15.0,15.9,7.4,1020.0,17.7,88.0,15.0,-4.0,44.0,-16.0,10.0,15.0,3.0,0,10,5,Saturday
2021-10-31,20,2,42.75,744.0,2.8,0.6,46.0,14.0,12.6,9.2,1019.0,17.9,88.0,16.0,-15.0,27.0,-37.0,-6.0,10.0,6.0,0,10,6,Sunday
2021-11-01,19,1,42.49,754.0,2.8,1.1,25.0,10.0,14.7,9.2,1017.0,17.6,88.0,15.1,-9.0,38.0,-26.0,-23.0,-30.0,12.0,0,11,0,Monday
2021-11-02,81,8,42.02,752.0,1.9,0.6,25.0,8.0,14.7,4.6,1016.9,18.0,88.0,16.0,-32.0,11.0,-9.0,-49.0,-67.0,20.0,0,11,1,Tuesday
2021-11-03,54,6,41.2,787.0,2.8,0.6,30.0,11.0,13.5,7.8,1015.0,18.3,85.2,15.0,-21.0,31.0,-20.0,-2.0,4.0,6.0,0,11,2,Wednesday
2021-11-04,345,21,40.27,765.0,3.7,1.1,55.0,21.0,12.6,14.2,1014.2,20.5,80.8,15.0,-15.0,41.0,-10.0,-1.0,5.0,6.0,0,11,3,Thursday
2021-11-05,225,19,39.5,792.0,3.7,1.6,65.0,26.0,11.4,12.8,1015.9,18.0,82.0,15.0,-12.0,42.0,-4.0,4.0,10.0,5.0,0,11,4,Friday
2021-11-06,237,23,38.24,774.0,2.8,1.1,57.0,21.0,17.9,10.6,1016.2,17.2,72.0,13.0,1.0,45.0,-4.0,15.0,19.0,3.0,0,11,5,Saturday
2021-11-07,11,0,37.81,763.0,1.9,1.1,46.0,16.0,18.7,5.1,1017.0,17.8,72.0,13.0,-3.0,40.0,21.0,3.0,14.0,3.0,0,11,6,Sunday
2021-11-08,7,0,37.18,747.0,1.9,1.1,38.0,16.0,12.6,9.2,1017.0,18.0,77.0,14.0,-17.0,36.0,-23.0,-2.0,5.0,6.0,0,11,0,Monday
2021-11-09,185,2,36.51,715.0,2.8,1.1,34.0,12.0,11.0,9.6,1018.0,17.9,82.0,15.0,-17.0,37.0,-28.0,-3.0,5.0,6.0,0,11,1,Tuesday
2021-11-10,165,4,35.68,759.0,2.8,1.1,34.0,14.0,15.9,8.7,1019.0,17.7,82.0,15.0,-16.0,36.0,-16.0,-1.0,5.0,6.0,0,11,2,Wednesday
2021-11-11,274,0,35.29,777.0,2.8,0.6,30.0,11.0,11.8,11.9,1021.2,16.0,90.0,14.0,-18.0,35.0,-30.0,-2.0,5.0,6.0,0,11,3,Thursday
2021-11-12,312,87,34.51,712.0,1.9,0.6,25.0,11.0,13.0,7.4,1022.0,15.0,82.0,12.0,-13.0,41.0,-15.0,3.0,9.0,5.0,0,11,4,Friday
2021-11-13,137,39,34.71,658.0,1.9,1.1,30.0,13.0,16.7,6.0,1020.0,14.4,76.0,9.0,-1.0,41.0,-14.0,15.0,14.0,2.0,0,11,5,Saturday
2021-11-14,111,1,34.17,626.0,1.9,1.1,38.0,14.0,18.7,6.0,1019.0,16.0,76.0,11.6,-3.0,33.0,15.0,5.0,12.0,3.0,0,11,6,Sunday
2021-11-15,52,1,34.18,609.0,2.8,1.6,57.0,20.0,22.0,8.7,1019.0,18.8,76.0,13.0,-27.0,11.0,27.0,-44.0,-67.0,16.0,0,11,0,Monday
2021-11-16,88,1,34.11,628.0,3.7,1.6,59.0,28.0,20.4,17.0,1018.5,20.0,68.5,13.0,-20.0,30.0,-25.0,-2.0,5.0,5.0,0,11,1,Tuesday
2021-11-17,414,30,34.41,722.0,3.7,1.6,68.0,36.0,26.4,22.4,1015.6,24.0,50.3,13.0,-17.0,31.0,-10.0,0.0,6.0,6.0,0,11,2,Wednesday
2021-11-18,285,12,34.12,700.0,4.6,1.1,59.0,26.0,12.6,19.2,1013.3,22.0,78.0,18.0,-21.0,27.0,-33.0,-2.0,6.0,7.0,0,11,3,Thursday
2021-11-19,262,26,34.63,749.0,2.8,0.6,25.0,9.0,12.6,11.5,1014.0,19.0,92.4,17.0,-17.0,35.0,-26.0,0.0,9.0,7.0,0,11,4,Friday
2021-11-20,169,20,34.6,723.0,1.9,0.6,25.0,9.0,16.3,6.4,1019.0,17.0,87.0,14.0,-1.0,42.0,-29.0,7.0,10.0,5.0,0,11,5,Saturday
2021-11-21,23,0,34.62,723.0,1.9,0.6,46.0,16.0,15.9,5.5,1018.8,15.7,82.0,12.0,-2.0,40.0,-9.0,5.0,14.0,4.0,0,11,6,Sunday
2021-11-22,21,1,34.27,690.0,2.8,1.1,50.0,20.0,13.0,15.1,1016.0,20.0,57.0,12.3,-14.0,36.0,-17.0,0.0,6.0,6.0,0,11,0,Monday
2021-11-23,353,26,34.08,685.0,4.6,1.6,61.0,33.0,34.6,21.5,1016.4,22.3,47.3,9.0,-14.0,32.0,-19.0,-1.0,6.0,6.0,0,11,1,Tuesday
2021-11-24,147,17,33.7,654.0,2.8,0.6,53.0,25.0,22.4,8.3,1019.5,18.6,82.0,15.0,-15.0,31.0,-16.0,0.0,7.0,6.0,0,11,2,Wednesday
2021-11-25,198,25,33.98,626.0,3.7,1.1,70.0,34.0,19.9,16.5,1015.7,21.5,79.2,16.0,-9.0,45.0,-9.0,3.0,8.0,5.0,0,11,3,Thursday
2021-11-26,141,46,33.85,622.0,3.7,1.1,50.0,20.0,19.9,14.7,1011.2,21.1,77.0,17.0,-9.0,52.0,-17.0,4.0,11.0,4.0,0,11,4,Friday
2021-11-27,150,29,33.64,573.0,2.8,0.6,38.0,13.0,24.4,6.9,1009.0,21.5,78.6,16.5,0.0,40.0,-12.0,16.0,20.0,2.0,0,11,5,Saturday
2021-11-28,28,1,33.57,550.0,3.7,0.6,61.0,23.0,24.0,9.6,1010.2,21.0,77.0,17.0,-2.0,37.0,12.0,8.0,16.0,2.0,0,11,6,Sunday
2021-11-29,25,1,33.68,554.0,4.6,1.1,57.0,28.0,19.5,15.6,1009.5,26.0,61.4,16.0,-16.0,31.0,-20.0,-1.0,6.0,6.0,0,11,0,Monday
2021-11-30,358,20,33.66,549.0,3.7,0.6,34.0,14.0,17.5,11.9,1010.6,21.0,81.8,18.0,-14.0,35.0,-30.0,-2.0,6.0,6.0,0,11,1,Tuesday
2021-12-01,141,21,33.87,580.0,3.7,1.1,55.0,19.0,15.5,11.9,1014.0,20.0,88.0,17.0,-11.0,41.0,-16.0,2.0,7.0,5.0,0,12,2,Wednesday
2021-12-02,102,23,33.58,590.0,2.8,1.1,46.0,17.0,14.3,9.2,1015.7,18.7,87.3,16.0,-8.0,47.0,-14.0,2.0,7.0,5.0,0,12,3,Thursday
2021-12-03,160,11,33.7,554.0,2.8,0.6,30.0,12.0,11.4,7.8,1017.0,17.5,88.0,15.0,-8.0,44.0,-6.0,6.0,11.0,4.0,0,12,4,Friday
2021-12-04,131,12,33.59,530.0,1.9,1.1,38.0,15.0,17.1,6.9,1019.4,18.9,82.0,16.0,7.0,47.0,-1.0,23.0,20.0,1.0,0,12,5,Saturday
2021-12-05,103,1,33.41,528.0,1.9,0.6,50.0,18.0,18.7,6.4,1019.4,20.0,78.6,15.0,4.0,43.0,18.0,13.0,19.0,2.0,0,12,6,Sunday
2021-12-06,17,4,33.22,537.0,1.9,1.1,46.0,17.0,15.5,8.7,1018.0,19.8,77.0,15.0,-10.0,38.0,-23.0,1.0,5.0,6.0,0,12,0,Monday
2021-12-07,136,25,32.98,559.0,1.9,0.6,21.0,10.0,11.0,7.4,1019.2,16.6,88.0,14.0,-16.0,33.0,-40.0,-5.0,5.0,7.0,0,12,1,Tuesday
2021-12-08,185,27,32.54,545.0,1.9,0.6,21.0,11.0,13.0,6.9,1018.7,16.0,85.5,13.0,-5.0,43.0,-19.0,2.0,6.0,6.0,0,12,2,Wednesday
2021-12-09,189,25,32.36,558.0,1.9,1.1,25.0,13.0,12.6,7.8,1018.0,16.5,82.0,13.0,-2.0,51.0,-11.0,4.0,8.0,5.0,0,12,3,Thursday
2021-12-10,194,12,31.49,554.0,2.8,1.1,42.0,17.0,11.8,12.4,1015.5,18.6,72.0,13.0,-3.0,46.0,4.0,8.0,11.0,4.0,0,12,4,Friday
2021-12-11,0,0,31.48,532.0,2.8,1.1,55.0,25.0,21.2,15.1,1012.0,23.0,45.0,10.0,9.0,47.0,7.0,26.0,24.0,0.0,0,12,5,Saturday
2021-12-12,0,0,31.19,549.0,3.7,1.1,61.0,30.0,21.2,13.3,1012.0,23.0,67.0,16.0,4.0,41.0,13.0,15.0,24.0,1.0,0,12,6,Sunday
2021-12-13,0,0,31.27,604.0,5.5,1.1,50.0,19.0,8.6,18.3,1014.8,21.6,82.0,19.0,-14.0,27.0,-30.0,-2.0,3.0,7.0,0,12,0,Monday
2021-12-14,0,0,31.5,585.0,4.6,0.6,53.0,18.0,9.0,14.7,1014.8,22.0,88.0,19.0,-9.0,36.0,-30.0,-3.0,2.0,7.0,0,12,1,Tuesday
2021-12-15,0,0,32.07,643.0,5.5,0.6,38.0,14.0,8.2,15.6,1014.0,21.5,93.0,20.0,-9.0,29.0,-30.0,-1.0,2.0,7.0,0,12,2,Wednesday
2021-12-16,0,0,32.09,673.0,4.6,0.6,46.0,16.0,13.9,13.3,1013.2,22.4,88.0,20.0,3.0,52.0,-14.0,2.0,2.0,5.0,0,12,3,Thursday
2021-12-17,101,67,33.06,687.0,2.8,0.6,30.0,10.0,11.0,7.8,1016.0,21.0,88.0,19.0,-2.0,44.0,-12.0,4.0,5.0,5.0,0,12,4,Friday
2021-12-18,3,7,33.06,658.0,1.9,0.6,21.0,9.0,11.4,5.1,1018.9,19.4,88.0,17.0,12.0,50.0,-12.0,23.0,21.0,1.0,0,12,5,Saturday
2021-12-19,3,4,33.54,690.0,1.9,0.6,21.0,9.0,13.5,4.2,1019.0,17.1,88.0,15.0,14.0,48.0,-10.0,14.0,28.0,2.0,0,12,6,Sunday
2021-12-20,0,0,33.27,712.0,1.9,1.1,34.0,16.0,16.3,8.7,1016.0,19.0,80.3,14.0,9.0,54.0,-11.0,-2.0,-5.0,6.0,0,12,0,Monday
2021-12-21,0,0,33.33,756.0,3.7,1.1,53.0,24.0,22.4,12.8,1013.0,21.0,82.0,16.5,7.0,53.0,-14.0,-3.0,-8.0,6.0,0,12,1,Tuesday
2021-12-22,0,0,33.53,728.0,4.6,1.1,68.0,33.0,24.4,19.2,1012.0,22.0,76.7,17.0,5.0,57.0,-14.0,-4.0,-11.0,6.0,0,12,2,Wednesday
2021-12-23,28,16,34.23,747.0,1.9,0.6,30.0,15.0,16.3,5.5,1014.0,18.0,87.0,15.0,10.0,93.0,-12.0,-5.0,-19.0,6.0,0,12,3,Thursday
2021-12-24,7,7,34.45,753.0,1.9,0.6,21.0,10.0,14.3,4.2,1015.0,17.0,82.0,14.0,-32.0,64.0,-39.0,-35.0,-55.0,15.0,0,12,4,Friday
2021-12-25,4,0,35.09,771.0,1.9,1.1,34.0,15.0,15.9,4.6,1015.0,18.4,80.2,15.0,-73.0,-57.0,-37.0,-51.0,-60.0,7.0,0,12,5,Saturday
2021-12-26,5,0,35.34,703.0,1.9,1.1,38.0,16.0,19.5,6.0,1014.0,23.0,57.2,14.0,-23.0,19.0,6.0,-14.0,1.0,4.0,0,12,6,Sunday
2021-12-27,0,0,34.92,615.0,3.7,1.1,53.0,20.0,16.3,14.2,1014.3,21.5,73.0,16.0,-19.0,27.0,-35.0,-25.0,-31.0,12.0,0,12,0,Monday
2021-12-28,29,5,34.73,672.0,3.7,1.1,50.0,18.0,14.7,18.3,1017.0,20.4,83.5,16.0,-20.0,29.0,-37.0,-25.0,-31.0,13.0,0,12,1,Tuesday
2021-12-29,0,0,34.46,805.0,2.8,1.1,59.0,21.0,24.0,10.6,1018.5,20.1,86.5,17.0,-18.0,36.0,-23.0,-23.0,-32.0,12.0,0,12,2,Wednesday
2021-12-30,631,8,34.33,714.0,2.8,1.1,42.0,14.0,18.7,10.6,1015.9,19.7,88.0,17.0,-21.0,57.0,-41.0,-26.0,-39.0,11.0,0,12,3,Thursday
2021-12-31,189,6,33.96,841.0,3.7,0.6,21.0,9.0,11.8,10.6,1011.3,19.5,92.0,18.0,-55.0,36.0,-61.0,-50.0,-66.0,19.0,0,12,4,Friday
2022-01-01,68,5,33.83,787.0,3.7,0.6,46.0,14.0,11.8,7.4,1013.0,21.6,82.1,18.0,-78.0,-69.0,-62.0,-59.0,-64.0,9.0,1,1,5,Saturday
2022-01-02,7,0,33.97,708.0,2.8,0.6,30.0,12.0,11.8,6.9,1014.9,22.0,88.0,19.0,-37.0,6.0,-33.0,-22.0,-7.0,5.0,1,1,6,Sunday
2022-01-03,24,0,35.73,741.0,3.7,0.6,25.0,12.0,11.0,9.6,1014.2,22.0,88.0,19.0,-35.0,18.0,-45.0,-25.0,-28.0,12.0,1,1,0,Monday
2022-01-04,457,11,37.35,802.0,4.6,0.6,30.0,14.0,8.2,12.8,1011.1,22.0,88.0,19.0,-34.0,19.0,-48.0,-24.0,-23.0,13.0,1,1,1,Tuesday
2022-01-05,448,6,38.98,944.0,3.7,0.6,25.0,12.0,13.5,11.9,1010.0,22.0,83.0,19.0,-28.0,28.0,-34.0,-20.0,-20.0,12.0,1,1,2,Wednesday
2022-01-06,187,0,40.22,999.0,2.8,0.6,25.0,10.0,12.2,9.6,1012.0,21.0,88.0,18.0,-28.0,32.0,-36.0,-19.0,-19.0,12.0,1,1,3,Thursday
2022-01-07,467,25,42.39,1109.0,1.9,0.6,17.0,7.0,11.4,6.4,1015.1,18.5,93.0,17.0,-27.0,34.0,-38.0,-16.0,-15.0,12.0,0,1,4,Friday
2022-01-08,262,7,44.6,1228.0,1.9,0.6,17.0,7.0,10.6,4.6,1016.1,18.0,93.0,16.0,-18.0,35.0,-47.0,-7.0,4.0,8.0,0,1,5,Saturday
2022-01-09,128,4,47.11,1280.0,1.9,0.6,17.0,6.0,10.6,4.6,1017.0,16.6,93.0,15.3,-29.0,17.0,-58.0,-20.0,7.0,9.0,0,1,6,Sunday
2022-01-10,87,10,49.13,1324.0,3.7,0.6,38.0,13.0,7.4,11.9,1014.0,18.8,93.0,17.0,-22.0,35.0,-36.0,-15.0,-15.0,11.0,0,1,0,Monday
2022-01-11,650,9,51.22,1418.0,3.7,0.6,38.0,14.0,7.0,15.1,1014.0,19.0,93.0,18.0,-28.0,24.0,-43.0,-18.0,-15.0,11.0,0,1,1,Tuesday
2022-01-12,471,7,53.14,1523.0,3.7,0.6,42.0,15.0,5.7,12.8,1017.0,20.0,93.0,18.0,-27.0,25.0,-32.0,-17.0,-15.0,12.0,0,1,2,Wednesday
2022-01-13,577,15,56.05,1597.0,3.7,0.6,42.0,15.0,9.4,11.9,1021.0,21.0,90.2,19.0,-25.0,32.0,-30.0,-17.0,-15.0,11.0,0,1,3,Thursday
2022-01-14,833,27,58.53,1700.0,4.6,1.1,57.0,22.0,13.9,17.4,1023.0,22.0,88.0,20.0,-24.0,32.0,-18.0,-13.0,-12.0,10.0,0,1,4,Friday
2022-01-15,246,30,60.91,1886.0,3.7,1.1,61.0,24.0,13.9,11.9,1022.0,24.1,78.0,18.5,-16.0,30.0,-23.0,-3.0,7.0,6.0,0,1,5,Saturday
2022-01-16,176,1,62.92,2022.0,2.8,0.6,34.0,14.0,21.6,7.8,1018.0,21.0,82.0,17.5,-22.0,20.0,-5.0,-11.0,8.0,5.0,0,1,6,Sunday
2022-01-17,172,4,64.86,2027.0,3.7,0.6,38.0,17.0,19.1,15.1,1017.5,25.0,71.0,18.0,-24.0,28.0,-25.0,-14.0,-15.0,9.0,0,1,0,Monday
2022-01-18,1403,20,67.15,2215.0,3.7,0.6,53.0,22.0,24.4,17.0,1018.7,24.0,73.0,18.0,-27.0,21.0,-31.0,-16.0,-15.0,10.0,0,1,1,Tuesday
2022-01-19,1180,27,69.74,2390.0,3.7,0.6,42.0,15.0,20.4,15.6,1021.0,22.0,75.5,17.0,-26.0,24.0,-25.0,-15.0,-14.0,10.0,0,1,2,Wednesday
2022-01-20,1215,38,71.44,2509.0,4.6,1.1,61.0,23.0,15.9,23.4,1020.0,21.0,82.0,18.0,-22.0,32.0,-23.0,-12.0,-13.0,9.0,0,1,3,Thursday
2022-01-21,1540,33,73.32,2693.0,3.7,1.1,63.0,27.0,18.7,11.5,1018.0,22.5,78.6,18.0,-19.0,39.0,-6.0,-8.0,-8.0,9.0,0,1,4,Friday
2022-01-22,1854,21,75.54,2783.0,2.8,0.6,55.0,22.0,19.9,9.2,1017.8,22.0,82.0,17.0,-13.0,32.0,-8.0,1.0,10.0,4.0,0,1,5,Saturday
2022-01-23,503,19,77.83,2816.0,2.8,0.6,61.0,24.0,27.7,5.5,1016.5,23.0,83.0,19.0,-19.0,22.0,3.0,-7.0,11.0,4.0,0,1,6,Sunday
2022-01-24,189,27,79.79,2873.0,2.8,1.1,68.0,29.0,25.2,10.1,1016.0,22.9,83.0,19.0,-22.0,25.0,-23.0,-16.0,-17.0,9.0,0,1,0,Monday
2022-01-25,1667,41,81.26,2942.0,2.8,0.6,68.0,30.0,24.4,9.6,1016.0,22.9,82.9,19.0,-29.0,12.0,-13.0,-31.0,-37.0,14.0,0,1,1,Tuesday
2022-01-26,501,15,82.21,2982.0,3.7,0.6,57.0,23.0,21.6,14.7,1015.0,23.2,78.0,19.0,-23.0,26.0,-18.0,-9.0,-8.0,8.0,0,1,2,Wednesday
2022-01-27,2282,54,83.25,3101.0,3.7,0.6,38.0,17.0,24.0,11.9,1014.0,22.9,77.0,18.0,-20.0,35.0,-14.0,-9.0,-7.0,8.0,0,1,3,Thursday
2022-01-28,2017,37,83.78,3199.0,3.7,0.6,30.0,11.0,11.8,15.6,1013.4,20.4,88.0,18.0,-24.0,27.0,-31.0,-9.0,-4.0,9.0,0,1,4,Friday
2022-01-29,2559,65,84.06,3185.0,3.7,0.6,21.0,9.0,9.0,10.6,1013.0,19.4,91.8,18.0,-17.0,28.0,-49.0,-6.0,11.0,6.0,0,1,5,Saturday
2022-01-30,691,9,83.74,3149.0,3.7,0.6,21.0,7.0,14.7,10.1,1014.2,20.0,89.0,18.0,-20.0,26.0,-51.0,-16.0,10.0,7.0,0,1,6,Sunday
2022-01-31,297,17,83.48,3111.0,4.6,0.6,21.0,10.0,10.2,14.2,1014.0,20.8,88.0,19.0,-23.0,28.0,-42.0,-12.0,-6.0,9.0,0,1,0,Monday
2022-02-01,2254,40,83.22,3138.0,3.7,0.6,34.0,13.0,10.2,13.8,1016.1,21.0,89.6,19.0,-20.0,33.0,-31.0,-8.0,-4.0,8.0,0,2,1,Tuesday
2022-02-02,258,61,83.11,3067.0,3.7,0.6,42.0,15.0,9.4,16.0,1018.3,20.3,91.8,18.0,-21.0,31.0,-28.0,-6.0,-1.0,8.0,0,2,2,Wednesday
2022-02-03,3766,84,82.57,3088.0,3.7,0.6,38.0,15.0,10.6,12.4,1018.0,22.0,88.0,19.0,-16.0,42.0,-16.0,-4.0,1.0,7.0,0,2,3,Thursday
2022-02-04,1734,63,82.06,2984.0,4.6,0.6,34.0,14.0,8.6,12.4,1016.0,22.8,82.7,19.0,-12.0,41.0,-4.0,0.0,5.0,6.0,0,2,4,Friday
2022-02-05,1795,43,81.31,2874.0,3.7,0.6,30.0,13.0,11.0,11.5,1014.0,24.0,80.5,19.5,1.0,45.0,-6.0,12.0,16.0,2.0,0,2,5,Saturday
2022-02-06,423,16,80.76,2780.0,2.8,0.6,25.0,10.0,13.9,5.5,1014.0,22.9,83.0,19.0,-6.0,37.0,-8.0,1.0,14.0,3.0,0,2,6,Sunday
2022-02-07,411,4,80.22,2672.0,2.8,1.1,25.0,11.0,15.9,8.7,1016.0,20.0,89.1,18.0,-21.0,31.0,-34.0,-5.0,0.0,7.0,0,2,0,Monday
2022-02-08,1831,65,79.55,2552.0,2.8,0.6,42.0,17.0,15.1,8.3,1016.0,19.0,82.0,16.6,-16.0,35.0,-24.0,-3.0,1.0,6.0,0,2,1,Tuesday
2022-02-09,2223,65,78.63,2498.0,2.8,1.1,42.0,19.0,17.5,8.7,1016.0,19.0,77.0,15.0,-16.0,34.0,-12.0,-1.0,2.0,6.0,0,2,2,Wednesday
2022-02-10,2050,58,77.35,2289.0,2.8,1.1,46.0,18.0,14.7,9.2,1016.0,19.0,78.0,15.0,-12.0,43.0,-9.0,1.0,3.0,5.0,0,2,3,Thursday
2022-02-11,2475,53,76.02,2241.0,2.8,1.1,38.0,16.0,12.6,9.2,1017.0,19.0,82.0,16.0,-13.0,38.0,-4.0,4.0,7.0,5.0,0,2,4,Friday
2022-02-12,2327,37,74.57,2147.0,1.9,1.1,38.0,14.0,14.3,6.4,1017.0,20.0,82.0,17.0,-6.0,34.0,-14.0,10.0,14.0,3.0,0,2,5,Saturday
2022-02-13,355,15,73.28,2066.0,2.8,0.6,34.0,12.0,17.5,6.4,1015.0,21.0,82.0,17.0,-6.0,33.0,15.0,4.0,14.0,2.0,0,2,6,Sunday
2022-02-14,255,11,71.73,1957.0,3.7,1.1,59.0,27.0,22.8,13.8,1014.0,22.0,82.0,18.0,-19.0,29.0,-17.0,-1.0,3.0,5.0,0,2,0,Monday
2022-02-15,1577,45,69.98,1853.0,2.8,1.1,53.0,20.0,17.5,9.2,1017.0,21.0,77.0,18.0,-19.0,30.0,-22.0,-1.0,3.0,5.0,0,2,1,Tuesday
2022-02-16,1667,123,68.4,1839.0,2.8,1.1,53.0,20.0,15.9,9.6,1019.0,20.0,77.0,17.0,-17.0,31.0,-11.0,0.0,5.0,5.0,0,2,2,Wednesday
2022-02-17,1439,133,67.41,1734.0,3.7,0.6,46.0,19.0,14.3,11.9,1016.0,19.0,82.0,16.0,-17.0,33.0,-17.0,1.0,5.0,5.0,0,2,3,Thursday
2022-02-18,1458,63,66.45,1625.0,2.8,1.1,46.0,17.0,14.7,10.6,1013.0,20.0,77.0,16.0,-13.0,37.0,-3.0,4.0,10.0,4.0,0,2,4,Friday
2022-02-19,1458,68,65.56,1559.0,3.7,1.1,50.0,20.0,18.3,11.9,1014.0,22.0,73.0,16.0,-2.0,39.0,-4.0,11.0,17.0,2.0,0,2,5,Saturday
2022-02-20,479,5,64.16,1448.0,3.7,0.6,46.0,17.0,21.2,6.9,1017.0,22.0,68.0,16.0,-9.0,32.0,9.0,1.0,14.0,2.0,0,2,6,Sunday
2022-02-21,94,12,62.66,1397.0,4.6,1.1,55.0,21.0,23.6,17.0,1018.0,24.0,64.0,17.0,-20.0,30.0,-19.0,-1.0,6.0,5.0,0,2,0,Monday
2022-02-22,1411,66,61.08,1307.0,4.6,1.1,70.0,30.0,24.8,18.3,1018.0,23.0,69.0,18.0,-20.0,28.0,-21.0,-2.0,6.0,5.0,0,2,1,Tuesday
2022-02-23,1229,49,59.37,1321.0,4.6,1.1,68.0,31.0,16.3,16.5,1017.0,22.0,78.0,18.0,-21.0,25.0,-17.0,-1.0,7.0,5.0,0,2,2,Wednesday
2022-02-24,1149,45,57.77,1241.0,3.7,1.1,57.0,22.0,17.9,11.0,1019.0,22.0,78.0,17.0,-17.0,37.0,-12.0,1.0,8.0,4.0,0,2,3,Thursday
2022-02-25,733,41,56.15,1197.0,3.7,1.1,57.0,23.0,18.7,9.6,1020.0,22.0,78.0,18.0,-16.0,39.0,-4.0,3.0,11.0,3.0,0,2,4,Friday
2022-02-26,681,46,54.68,1142.0,3.7,1.1,59.0,23.0,21.2,9.6,1020.0,21.5,78.0,17.0,-12.0,34.0,-10.0,7.0,12.0,0.0,0,2,5,Saturday
2022-02-27,169,4,53.24,1071.0,2.8,1.1,63.0,24.0,24.8,6.4,1018.0,22.0,82.0,18.0,-16.0,21.0,9.0,-4.0,12.0,1.0,0,2,6,Sunday
2022-02-28,78,4,51.71,1009.0,3.7,0.6,57.0,25.0,17.1,10.6,1016.0,27.0,54.0,17.0,-24.0,18.0,0.0,-31.0,-43.0,10.0,1,2,0,Monday
2022-03-01,181,37,50.26,951.0,3.7,0.6,53.0,23.0,25.6,8.3,1016.0,25.0,65.0,18.0,-40.0,-1.0,-14.0,-45.0,-56.0,14.0,1,3,1,Tuesday
2022-03-02,278,10,48.98,943.0,4.6,0.6,55.0,20.0,25.2,15.6,1017.0,23.0,78.0,18.0,-26.0,24.0,-21.0,-15.0,-12.0,8.0,1,3,2,Wednesday
2022-03-03,690,31,47.88,896.0,4.6,1.1,65.0,28.0,27.7,14.7,1017.0,23.0,78.0,18.5,-22.0,33.0,-22.0,-2.0,5.0,5.0,1,3,3,Thursday
2022-03-04,661,36,46.61,895.0,5.5,0.6,59.0,24.0,20.8,17.4,1018.0,21.0,88.0,18.0,-21.0,27.0,-22.0,-1.0,9.0,5.0,1,3,4,Friday
2022-03-05,877,88,45.21,847.0,10.0,0.6,70.0,29.0,3.7,22.0,1016.6,22.0,82.0,18.6,-4.0,37.0,-21.0,7.0,16.0,2.0,1,3,5,Saturday
2022-03-06,92,5,44.07,843.0,6.4,0.6,53.0,15.0,9.0,21.5,1016.0,22.0,78.0,18.0,-10.0,32.0,-8.0,-3.0,14.0,2.0,1,3,6,Sunday
2022-03-07,96,2,43.26,820.0,5.5,0.6,61.0,25.0,13.5,23.8,1016.0,23.0,73.0,18.0,-21.0,27.0,-29.0,0.0,7.0,4.0,0,3,0,Monday
2022-03-08,893,29,42.6,800.0,5.5,1.1,72.0,29.0,35.0,20.6,1017.0,23.0,83.0,20.0,-18.0,29.0,-29.0,-1.0,7.0,3.0,0,3,1,Tuesday
2022-03-09,779,37,41.92,792.0,3.7,0.6,68.0,27.0,24.4,12.4,1018.0,22.0,83.0,19.0,-21.0,26.0,-24.0,0.0,8.0,4.0,0,3,2,Wednesday
2022-03-10,806,22,41.03,688.0,4.6,1.1,57.0,23.0,20.4,15.6,1016.0,23.0,73.0,18.0,-18.0,32.0,-26.0,0.0,9.0,3.0,0,3,3,Thursday
2022-03-11,554,22,40.17,662.0,5.5,0.6,38.0,15.0,17.5,18.3,1016.0,24.0,72.3,18.0,-19.0,26.0,-21.0,1.0,13.0,4.0,0,3,4,Friday
2022-03-12,685,2,39.47,659.0,4.6,0.6,34.0,11.0,15.5,9.2,1017.0,22.0,88.0,18.0,-6.0,30.0,-34.0,5.0,15.0,2.0,0,3,5,Saturday
2022-03-13,63,3,38.79,659.0,3.7,0.6,30.0,10.0,6.1,10.6,1018.0,20.5,88.0,19.0,-13.0,26.0,-24.0,-4.0,13.0,3.0,0,3,6,Sunday
2022-03-14,20,2,38.01,624.0,4.6,1.1,42.0,12.0,8.6,14.7,1015.5,21.0,91.0,20.0,-30.0,11.0,-44.0,-4.0,8.0,5.0,0,3,0,Monday
2022-03-15,909,16,37.2,636.0,3.7,0.6,30.0,10.0,9.8,14.2,1016.0,21.0,92.3,20.0,-26.0,18.0,-43.0,-2.0,8.0,4.0,0,3,1,Tuesday
2022-03-16,620,30,36.35,629.0,4.6,0.6,42.0,16.0,10.2,15.1,1016.6,21.1,88.0,20.0,-26.0,17.0,-34.0,-2.0,8.0,5.0,0,3,2,Wednesday
2022-03-17,615,36,35.43,614.0,5.5,0.6,53.0,20.0,11.4,16.5,1017.7,25.5,73.0,19.0,-18.0,31.0,-23.0,2.0,10.0,3.0,0,3,3,Thursday
2022-03-18,540,39,34.49,603.0,6.4,1.1,53.0,24.0,16.3,19.2,1018.0,25.0,74.6,20.0,-18.0,26.0,-15.0,3.0,14.0,3.0,0,3,4,Friday
2022-03-19,474,14,34.46,575.0,5.5,1.1,53.0,22.0,18.3,13.3,1017.3,24.0,78.0,19.0,-7.0,31.0,-27.0,7.0,15.0,1.0,0,3,5,Saturday
2022-03-20,134,14,34.58,526.0,2.8,0.6,21.0,9.0,17.1,3.7,1022.0,18.0,88.0,16.0,-18.0,24.0,-46.0,-9.0,10.0,4.0,0,3,6,Sunday
2022-03-21,13,0,34.75,532.0,2.8,0.6,21.0,12.0,12.2,6.4,1023.0,17.0,82.0,14.0,-25.0,22.0,-37.0,-1.0,10.0,4.0,0,3,0,Monday
2022-03-22,410,21,35.42,525.0,2.8,1.1,30.0,17.0,13.5,7.8,1022.0,18.0,77.0,15.0,-23.0,22.0,-33.0,-1.0,10.0,4.0,0,3,1,Tuesday
